Author	n (strains)	publication title	journal	publication URL	strains
Wang et al	95	unknown	unknown	unknown	Shanghai/SH0007/2020,Shanghai/SH0036/2020,Shanghai/SH0114/2020,Shanghai/SH0107/2020,Shanghai/SH0020/2020,Shanghai/SH0039/2020,Shanghai/SH0075/2020,Shanghai/SH0021/2020,Shanghai/SH0010/2020,Shanghai/SH0030/2020,Shanghai/SH0034/2020,Shanghai/SH0026/2020,Shanghai/SH0041/2020,Shanghai/SH0115/2020,Shanghai/SH0100/2020,Shanghai/SH0035/2020,Shanghai/SH0117/2020,Shanghai/SH0003/2020,Shanghai/SH0002/2020,Shanghai/SH0017/2020,HongKong/XM-PII-S4/2020,Shanghai/SH0128/2020,Shanghai/SH0079/2020,Shanghai/SH0029/2020,Shanghai/SH0049/2020,Shanghai/SH0032/2020,Shanghai/SH0059/2020,Shanghai/SH0004/2020,Shanghai/SH0005/2020,Shanghai/SH0074/2020,Shanghai/SH0069/2020,Shanghai/SH0009/2020,Shanghai/SH0065/2020,Shanghai/SH0013/2020,Shanghai/SH0043/2020,Shanghai/SH0024/2020,Shanghai/SH0071/2020,Shanghai/SH0106/2020,Shanghai/SH0047/2020,Shanghai/SH0085/2020,Shanghai/SH0094/2020,Shanghai/SH0104/2020,Shanghai/SH0058/2020,Shanghai/SH0052/2020,Shanghai/SH0050/2020,Shanghai/SH0037/2020,Shanghai/SH0012/2020,Shanghai/SH0098/2020,Shanghai/SH0056/2020,Shanghai/SH0040/2020,Shanghai/SH0127/2020,Shanghai/SH0109/2020,Shanghai/SH0066/2020,Shanghai/SH0048/2020,Shanghai/SH0091/2020,Shanghai/SH0011/2020,Shanghai/SH0072/2020,Shanghai/SH0031/2020,Shanghai/SH0033/2020,Shanghai/SH0068/2020,Shanghai/SH0045/2020,Shanghai/SH0042/2020,Shanghai/SH0081/2020,Shanghai/SH0070/2020,Shanghai/SH0080/2020,Shanghai/SH0125/2020,Shanghai/SH0126/2020,Shanghai/SH0022/2020,Shanghai/SH0023/2020,Shanghai/SH0008/2020,Shanghai/SH0060/2020,Shanghai/SH0121/2020,Shanghai/SH0093/2020,Shanghai/SH0053/2020,Shanghai/SH0088/2020,Shanghai/SH0055/2020,Shanghai/SH0051/2020,Shanghai/SH0067/2020,Shanghai/SH0076/2020,Shanghai/SH0038/2020,Shanghai/SH0083/2020,Shanghai/SH0101/2020,Shanghai/SH0077/2020,Shanghai/SH0044/2020,Shanghai/SH0102/2020,Shanghai/SH0073/2020,Shanghai/SH0119/2020,Shanghai/SH0112/2020,Shanghai/SH0027/2020,Shanghai/SH0110/2020,Shanghai/SH0054/2020,Shanghai/SH0028/2020,Shanghai/SH0025/2020,Shanghai/SH0086/2020,Shanghai/SH0014/2020
Tan et al	9	unknown	unknown	unknown	Wuhan/IVDC-HB-05/2019,Wuhan/IVDC-HB-04/2020,Yunnan/IVDC-YN-003/2020,Sichuan/IVDC-SC-001/2020,Wuhan/IVDC-HB-01/2019,Jiangxi/IVDC-JX-002/2020,Shandong/IVDC-SD-001/2020,Chongqing/IVDC-CQ-001/2020,Jiangsu/IVDC-JS-001/2020
Lu et al	40	unknown	unknown	unknown	Guangdong/2020XN4373-P0039/2020,Guangdong/GDFS2020127-P0026/2020,Guangdong/2020XN4448-P0002/2020,Guangdong/GD2020139-P0007/2020,Guangdong/2020XN4475-P0042/2020,Guangdong/2020XN4273-P0036/2020,Guangdong/2020XN4243-P0035/2020,Guangdong/GZ-S6-P0050/2020,Guangdong/SZ-N128-P0057/2020,Guangdong/2020XN4291-P0038/2020,Guangdong/2020XN4276-P0037/2020,Guangdong/GD2020086-P0021/2020,Guangdong/GD2020234-P0023/2020,Guangdong/FS-S30-P0052/2020,Guangdong/GD2020233-P0027/2020,Guangdong/GDSZ202015-P0019/2020,Guangdong/2020XN4459-P0041/2020,Guangdong/ZS-S6-P0060/2020,Guangdong/GD2020258-P0018/2020,Guangdong/GDSZ202004-P0004/2020,Guangdong/GD2020087-P0008/2020,Guangdong/SZ-N59-P0049/2020,Guangdong/2020XN4239-P0034/2020,Guangdong/DG-S41-P0056/2020,Guangdong/GD2020115-P0009/2020,Guangdong/GD2020246-P0028/2020,Guangdong/GDSZ202008-P0020/2020,Guangdong/GD2020080-P0010/2020,Guangdong/GD2020227-P0029/2020,Guangdong/GD2020134-P0031/2020,Guangdong/FS-S48-P0047/2020,Guangdong/DG-S9-P0045/2020,Guangdong/ZH-S33-P0058/2020,Guangdong/FS-S50-P0053/2020,Guangdong/JM-S1-P0062/2020,Guangdong/MM-S1-P0048/2020,Guangdong/DG-S2-P0054/2020,Guangdong/2020XN4433-P0040/2020,Guangdong/GDFS2020052-P0025/2020,Guangdong/GDFS2020054-P0005/2020
Fang et al	9	unknown	unknown	unknown	Wuhan/HBCDC-HB-01/2019,Wuhan/HBCDC-HB-02/2019,Wuhan/HBCDC-HB-06/2020,Wuhan/HBCDC-HB-02/2020,Tianmen/HBCDC-HB-07/2020,Wuhan/HBCDC-HB-04/2020,Wuhan/HBCDC-HB-03/2020,Wuhan/HBCDC-HB-03/2019,Wuhan/HBCDC-HB-05/2020
Yao et al	11	unknown	unknown	unknown	Hangzhou/ZJU-07/2020,Hangzhou/ZJU-08/2020,Hangzhou/ZJU-02/2020,Hangzhou/ZJU-09/2020,Hangzhou/ZJU-011/2020,Hangzhou/ZJU-06/2020,Hangzhou/ZJU-01/2020,Hangzhou/ZJU-010/2020,Hangzhou/ZJU-03/2020,Hangzhou/ZJU-04/2020,Hangzhou/ZJU-05/2020
Zhou et al	5	unknown	unknown	unknown	Wuhan/WIV07/2019,Wuhan/WIV05/2019,Wuhan/WIV02/2019,Wuhan/WIV04/2019,Wuhan/WIV06/2019
Li et al	50	unknown	unknown	unknown	Jian/JX129/2020,Shangrao/JX105/2020,Nanchang/JX90/2020,Nanchang/JX14/2020,Nanchang/JX39/2020,Anhui/SZ005/2020,Nanchang/JX177/2020,Beijing/233/2020,Beijing/231/2020,Beijing/235/2020,Beijing/105/2020,USA/IL2/2020,Nanchang/JX174/2020,Jiujiang/JX22/2020,Shangrao/JX29/2020,Nanchang/JX149/2020,Shangrao/JX1948/2020,Nanchang/JXN3T4/2020,Ganzhou/JX81/2020,Xinyu/JX122/2020,Shangrao/JX1176/2020,Shangrao/JX1177/2020,Jian/JX169/2020,Hangzhou/HZCDC0025/2020,Pingxiang/JX5/2020,Hangzhou/HZCDC0012/2020,Hangzhou/HZCDC0013/2020,Xinyu/JX124/2020,Nanchang/JX155/2020,Nanchang/JX176/2020,Hangzhou/HZCDC0167/2020,Hangzhou/HZCDC6789/2020,Shangrao/JX1974/2020,Shangrao/JX1215/2020,Pingxiang/JX151/2020,Shangrao/JX1178/2020,Hangzhou/HZCDC0090L/2020,Hangzhou/HZCDC0090/2020,Hangzhou/HZCDC0091/2020,Hangzhou/HZCDC0162/2020,Hangzhou/HZCDC0001/2020,Hangzhou/HZCDC0091L/2020,Hangzhou/HZCDC0048L/2020,Hangzhou/HZCDC0049L/2020,Hangzhou/HZCDC0048/2020,Hangzhou/HZCDC0135/2020,Hangzhou/HZCDC0119/2020,Hangzhou/HZCDC6706/2020,USA/VA_6377/2020,USA/PA_4395/2020
Ren et al	4	unknown	unknown	unknown	Wuhan/IPBCAMS-WH-03/2019,Wuhan/IPBCAMS-WH-01/2019,Wuhan/IPBCAMS-WH-04/2019,Wuhan/IPBCAMS-WH-02/2019
Chen et al	10	unknown	unknown	unknown	Wuhan/WH01/2019,Wuhan/WH04/2020,Wuhan/WH05/2020,HongKong/CUHK1/2020,Wuhan/WHU01/2020,Wuhan/WH03/2020,Australia/NSW38/2020,Wuhan/WHU02/2020,Zhejiang/WZ-01/2020,USA/NY-NYUMC2/2020
Nieuwenhuijse et al	13	unknown	unknown	unknown	Netherlands/Oss_1363500/2020,Netherlands/Tilburg_1363354/2020,Netherlands/Utrecht_17/2020,Netherlands/Loon_op_zand_1363512/2020,Luxembourg/Lux1/2020,Netherlands/Diemen_1363454/2020,Netherlands/Helmond_1363548/2020,Netherlands/Berlicum_1363564/2020,Netherlands/Delft_1363424/2020,Netherlands/NA_17/2020,NetherlandsL/Houten_1363498/2020,Netherlands/NoordBrabant_21/2020,Netherlands/Gelderland_2/2020
Queen et al	12	unknown	unknown	unknown	USA/CA8/2020,USA/CA7/2020,USA/TX1/2020,USA/WA1/2020,USA/CA3/2020,USA/CA4/2020,USA/TX_2039/2020,Korea/BA-ACH_2604/2020,Korea/BA-ACH_2719/2020,Korea/BA-ACH_2718/2020,USA/IL_1293/2020,USA/IL_1375/2020
Zhao et al et al	5	unknown	unknown	unknown	Guangzhou/GZMU0014/2020,Guangzhou/GZMU0042/2020,Guangzhou/GZMU0044/2020,Guangzhou/GZMU0048/2020,Guangzhou/GZMU0030/2020
Anderson et al	21	unknown	unknown	unknown	Singapore/12/2020,Singapore/23/2020,Singapore/30/2020,Singapore/13/2020,Singapore/14/2020,Singapore/4/2020,Singapore/22/2020,Singapore/5/2020,Singapore/3/2020,Singapore/27/2020,Singapore/2/2020,Singapore/6/2020,Singapore/25/2020,Singapore/29/2020,Singapore/26/2020,Singapore/34/2020,Singapore/33/2020,Singapore/24/2020,Singapore/28/2020,Singapore/32/2020,Singapore/31/2020
Mak et al	19	unknown	unknown	unknown	Singapore/12Clin/2020,Singapore/15/2020,Singapore/18/2020,Singapore/21/2020,Singapore/14Clin/2020,Singapore/16/2020,Singapore/20/2020,Singapore/19/2020,Singapore/17/2020,Singapore/40/2020,Singapore/42/2020,Singapore/41/2020,Singapore/3Clin/2020,Singapore/36/2020,Singapore/1/2020,Singapore/35/2020,Singapore/38/2020,Singapore/39/2020,Singapore/37/2020
Iglesias-Caballero et al	7	unknown	unknown	unknown	Spain/Andalucia201373/2020,Spain/Andalucia201617/2020,Spain/Madrid201449/2020,Spain/Madrid201738/2020,Spain/Andalucia201272/2020,Spain/CastillayLeon201061/2020,Spain/Madrid201105/2020
Fan et al	6	unknown	unknown	unknown	Beijing/Wuhan_IME-BJ07/2020,Beijing/Wuhan_IME-BJ04/2020,Beijing/Wuhan_IME-BJ03/2020,Beijing/Wuhan_IME-BJ02/2020,Beijing/Wuhan_IME-BJ01/2020,Beijing/Wuhan_IME-BJ05/2020
Caly et al	17	unknown	unknown	unknown	Australia/VIC13/2020,Australia/VIC07/2020,Australia/VIC209/2020,Australia/VIC138/2020,Australia/VIC01/2020,Australia/VIC02/2020,Australia/VIC03/2020,Australia/VIC14/2020,Australia/VIC59/2020,Australia/VIC42/2020,Australia/VIC181/2020,Australia/VIC15/2020,Australia/VIC179/2020,Australia/VIC70/2020,Australia/VIC152/2020,Australia/VIC190/2020,Australia/VIC285/2020
Potdar et al	2	unknown	unknown	unknown	India/1-31/2020,India/1-27/2020
Galiano et al	49	unknown	unknown	unknown	England/01/2020,England/02/2020,England/20144003804/2020,England/200990002/2020,England/200960041/2020,England/20142015104/2020,England/200960515/2020,England/09c/2020,England/200940527/2020,England/200990725/2020,England/200990724/2020,England/20102087902/2020,England/20126008606/2020,England/20146011804/2020,England/200990006/2020,England/20144018704/2020,England/20146015504/2020,England/20139047104/2020,England/20144072804/2020,England/200641094/2020,England/200690306/2020,England/200690300/2020,England/200690756/2020,England/200690245/2020,England/20146005804/2020,England/20146049204/2020,England/20132079304/2020,England/20146001704/2020,England/20124003902/2020,England/20130071804/2020,England/20099038206/2020,England/20129010804/2020,England/20146025304/2020,England/20146008104/2020,England/20146006604/2020,England/20144071604/2020,England/20146006704/2020,England/20139057704/2020,England/20148043704/2020,England/20146062504/2020,England/20146004804/2020,England/20139047804/2020,England/200990660/2020,England/20136097704/2020,England/20099107406/2020,England/20110000706/2020,England/20108003302/2020,England/20144076204/2020,England/20144072604/2020
Kim et al	20	unknown	unknown	unknown	SouthKorea/KCDC24/2020,Korea/KCDC2003/2020,Korea/KCDC2002/2020,SouthKorea/KCDC05/2020,SouthKorea/KCDC07/2020,Korea/KCDC2006/2020,Korea/KCDC2011/2020,Korea/KCDC2010/2020,Korea/KCDC2008/2020,Korea/KCDC2009/2020,SouthKorea/KCDC03/2020,SouthKorea/KCDC06/2020,Korea/KCDC2014/2020,Korea/KCDC2013/2020,Korea/KCDC2012/2020,Korea/KCDC2001/2020,Korea/KCDC2007/2020,Korea/KCDC2004/2020,Korea/KCDC2005/2020,SouthKorea/KCDC12/2020
Jiang et al	5	unknown	unknown	unknown	Shandong/LY003/2020,Shandong/LY005/2020,Shandong/LY006/2020,Shandong/LY004/2020,Shandong/LY008/2020
Kang et al	18	unknown	unknown	unknown	SouthKorea/KUMC01/2020,SouthKorea/KUMC06/2020,SouthKorea/KUMC04/2020,SouthKorea/KUMC03/2020,SouthKorea/KUMC05/2020,Guangdong/20SF025/2020,Guangdong/20SF013/2020,Guangdong/20SF012/2020,Foshan/20SF207/2020,SouthKorea/KUMC02/2020,Foshan/20SF210/2020,Foshan/20SF211/2020,Guangdong/20SF174/2020,Guangdong/20SF028/2020,Guangdong/20SF040/2020,Guangdong/20SF014/2020,Guangzhou/20SF206/2020,Guangdong/20SF201/2020
Huang et al	7	unknown	unknown	unknown	Australia/QLD02/2020,Australia/QLD03/2020,Australia/QLD04/2020,Australia/QLD01/2020,Australia/QLDID921/2020,Australia/QLD09/2020,Australia/QLDID922/2020
Placide Mbala-Kingebeni et al	20	unknown	unknown	unknown	DRC/300/2020,DRC/299/2020,DRC/KN-0059/2020,DRC/KN-0017/2020,DRC/KN-13/2020,DRC/243/2020,DRC/81/2020,DRC/214/2020,DRC/521/2020,DRC/KN-0054/2020,DRC/KN-0070/2020,DRC/KN-0043/2020,DRC/KN-0072/2020,DRC/73/2020,DRC/80/2020,DRC/KN-0058/2020,DRC/94/2020,DRC/248/2020,DRC/82/2020,DRC/253/2020
Dia et al	21	unknown	unknown	unknown	Senegal/618/2020,Senegal/620/2020,Senegal/136/2020,Senegal/306/2020,Senegal/611/2020,Senegal/328/2020,Senegal/610/2020,Senegal/370/2020,Senegal/026/2020,Senegal/003/2020,Senegal/020/2020,Senegal/016/2020,Senegal/119/2020,Senegal/094/2020,Senegal/082/2020,Senegal/073/2020,Senegal/102/2020,Senegal/087/2020,Senegal/315/2020,Senegal/139/2020,Senegal/600/2020
Ngoi et al	14	unknown	unknown	unknown	Ghana/3176_S11/2020,Ghana/2828_S6/2020,Ghana/1651_S3/2020,Ghana/2850_S15/2020,Ghana/3177_S12/2020,Ghana/2230_S4/2020,Ghana/1565_S13/2020,Ghana/2914_S8/2020,Ghana/2944_S9/2020,Ghana/2333_S5/2020,Ghana/2986_S10/2020,Ghana/1622_S2/2020,Ghana/2853_S7/2020,Ghana/1659_S14/2020
Moreno et al	5	unknown	unknown	unknown	USA/WI-88/2020,USA/WI-96/2020,USA/WI-86/2020,USA/WI-99/2020,USA/WI-104/2020
Storey et al	5	unknown	unknown	unknown	NewZealand/20VR0276/2020,NewZealand/01/2020,NewZealand/20VR0206/2020,NewZealand/20VR0189/2020,NewZealand/20VR019/2020
Uehara et al	5	unknown	unknown	unknown	USA/CA1/2020,USA/CA2/2020,USA/TX_2020/2020,USA/FL_5125/2020,USA/FL_5091/2020
Dominic N.C. Tsang et al	9	unknown	unknown	unknown	HongKong/VM20001061/2020,HongKong/VM20002582/2020,HongKong/VM20002493/2020,HongKong/VM20002507/2020,HongKong/VB20024950/2020,HongKong/VM20002907/2020,HongKong/VM20002868/2020,HongKong/VB20026565/2020,HongKong/VM20002849/2020
Kenneth Siu-Sing LEUNG et al	49	unknown	unknown	unknown	HongKong/HKPU1_2101/2020,HongKong/HKPU42-0302/2020,HongKong/HKPU48-0202/2020,HongKong/HKPU20_3001/2020,HongKong/HKPU53-0802/2020,HongKong/HKPU61-0202/2020,HongKong/HKPU54-0302/2020,HongKong/HKPU2_1801/2020,HongKong/HKPU52-3101/2020,HongKong/HKPU17_2201/2020,HongKong/HKPU49-3001/2020,HongKong/HKPU28_3001/2020,HongKong/HKPU12_2201/2020,HongKong/HKPU19_0402/2020,HongKong/HKPU102_2802/2020,HongKong/HKPU76-0802/2020,HongKong/HKPU86-1802/2020,HongKong/HKPU34_3001/2020,HongKong/HKPU90-1602/2020,HongKong/HKPU45-0502/2020,HongKong/HKPU70-1302/2020,HongKong/HKPU74-1302/2020,HongKong/HKPU73-0802/2020,HongKong/HKPU91-2002/2020,HongKong/HKPU84-2502/2020,HongKong/HKPU65-1202/2020,HongKong/HKPU92-1302/2020,HongKong/HKPU64-1202/2020,HongKong/HKPU89-2502/2020,HongKong/HKPU83-1702/2020,HongKong/HKPU38-3001/2020,HongKong/HKPU36-0702/2020,HongKong/HKPU30_2901/2020,HongKong/HKPU29_0102/2020,HongKong/HKPU27_3001/2020,HongKong/HKPU39-3001/2020,HongKong/HKPU_2801/2020,HongKong/HKPU40-2801/2020,HongKong/HKPU33_0202/2020,HongKong/HKPU43-0202/2020,HongKong/HKPU44-0102/2020,HongKong/HKPU23_2601/2020,HongKong/HKPU32_0402/2020,HongKong/HKPU41-0802/2020,HongKong/HKPU6_2101/2020,HongKong/HKPU66-2501/2020,HongKong/HKPU57-0702/2020,HongKong/HKPU60-0802/2020,HongKong/HKPU63-1402/2020
Wellington SCL et al	1	unknown	unknown	unknown	NewZealand/20VR0275/2020
Yeh et al	19	unknown	unknown	unknown	Taiwan/NTU13/2020,Taiwan/NTU01/2020,Taiwan/NTU04/2020,Taiwan/NTU11/2020,Taiwan/NTU06/2020,Taiwan/NTU02/2020,Taiwan/NTU07/2020,Taiwan/NTU14/2020,Taiwan/NTU16/2020,Taiwan/NTU15/2020,Taiwan/NTU03/2020,Taiwan/NTU08/2020,Taiwan/NTU20/2020,Taiwan/NTU05/2020,Taiwan/NTU17/2020,Taiwan/NTU09/2020,Taiwan/NTU12/2020,Taiwan/NTU19/2020,Taiwan/NTU21/2020
Le Quynh Mai et al	5	unknown	unknown	unknown	Vietnam/CM99/2020,Vietnam/38142/2020,Vietnam/CM295/2020,Vietnam/39607/2020,Vietnam/CM296/2020
Ung Thi Hong Trang et al	1	unknown	unknown	unknown	Vietnam/VR03-38142/2020
Tao et al	5	unknown	unknown	unknown	USA/AZ1/2020,USA/OR_2656/2020,USA/GA_2741/2020,USA/CA5/2020,USA/IL1/2020
Eden et al	7	unknown	unknown	unknown	Australia/NSW04/2020,Australia/NSW01/2020,Australia/NSW03/2020,Australia/NSW45/2020,Australia/NSW07/2020,Australia/NSW05/2020,Australia/NSW06/2020
Chan et al	2	unknown	unknown	unknown	Shenzhen/HKU-SZ-005/2020,Shenzhen/HKU-SZ-002/2020
Sekizuka et al	24	unknown	unknown	unknown	Japan/TY-WK-501/2020,Japan/TY-WK-521/2020,Japan/TY-WK-012/2020,Japan/TK-20-31-3/2020,Japan/NA-20-05-1/2020,Japan/KY-V-029/2020,Japan/OS-20-07-1/2020,Japan/AI-I-004/2020,Japan/P5-3/2020,Japan/P5-1/2020,Japan/P4-5/2020,Japan/P4-4/2020,Japan/P4-3/2020,Japan/P4-2/2020,Japan/P4-8/2020,Japan/P4-7/2020,Japan/P4-6/2020,Japan/P5-2/2020,Japan/P4-1/2020,Japan/P3-1/2020,Japan/P3-2/2020,Japan/P2-2/2020,Japan/P2-1/2020,Japan/P1/2020
Braun et al	1	unknown	unknown	unknown	Japan/UT-NCGM02/2020
Yang et al	11	unknown	unknown	unknown	Shenzhen/SZTH-002/2020,Taiwan/3/2020,Shenzhen/SZTH-003/2020,Taiwan/2/2020,Taiwan/4/2020,Taiwan/225/2020,Taiwan/170/2020,Taiwan/107/2020,Taiwan/144/2020,Taiwan/128/2020,Taiwan/125/2020
Walter et al	2	unknown	unknown	unknown	Germany/BavPat3/2020,Germany/BavPat2/2020
Sheng et al	2	unknown	unknown	unknown	Chongqing/YC01/2020,Chongqing/ZX01/2020
Wei et al	2	unknown	unknown	unknown	Fujian/8/2020,Fujian/13/2020
Mohd Noor Mat Isa et al	6	unknown	unknown	unknown	Malaysia/MKAK-CL-2020-6430/2020,Malaysia/MKAK-CL-2020-5096/2020,Malaysia/MKAK-CL-2020-5045/2020,Malaysia/MKAK-CL-2020-5049/2020,Malaysia/MKAK-CL-2020-5047/2020,Malaysia/MKAK-CL-2020-7554/2020
Harrigan et al	17	unknown	unknown	unknown	Canada/BC_8718874/2020,Canada/BC_8159203/2020,Canada/BC_3968175/2020,Canada/BC_4118226/2020,Canada/BC_8894200/2020,Canada/BC_7277381/2020,Canada/BC_35720/2020,Canada/BC_69243/2020,Canada/BC_17397/2020,Canada/BC_13297/2020,Canada/BC_37_0-2/2020,Canada/BC_4143842/2020,Canada/BC_4078583/2020,Canada/BC_4143868/2020,Canada/BC_65034/2020,Canada/BC_66353/2020,Canada/BC_9345042/2020
Chu et al et al	1	unknown	unknown	unknown	USA/WA-S2/2020
Joel Armando Vazquez Perez et al	4	unknown	unknown	unknown	Mexico/CDMX-INER_05/2020,Mexico/CDMX-INER_02/2020,Mexico/CDMX-INER_01/2020,Mexico/CDMX-INER_04/2020
Adnan Araiza Rodriguez et al	1	unknown	unknown	unknown	Mexico/CDMX-InDRE_06/2020
Chu etl al et al	7	unknown	unknown	unknown	USA/WA-S82/2020,USA/WA-S55/2020,USA/WA-S43/2020,USA/WA-S99/2020,USA/WA-S103/2020,USA/WA-S101/2020,USA/WA-S44/2020
Albert et al	26	unknown	unknown	unknown	France/GE1583/2020,France/IDF0373/2020,France/IDF0372/2020,France/IDF0515/2020,France/B2334/2020,France/IDF0626/2020,France/IDF2792/2020,France/N1620/2020,France/HF1684/2020,France/B1623/2020,France/PL1643/2020,Algeria/G0860_2262/2020,Algeria/G0638_2264/2020,Algeria/G0640_2265/2020,France/B2330/2020,France/HF1465/2020,France/HF1645/2020,France/B2336/2020,France/HF2196/2020,France/GE2720/2020,France/GE2722/2020,France/IDF2684/2020,France/IDF3324/2020,France/HF2797/2020,France/IDF3276/2020,France/GE1973/2020
Murtskhvaladze et al	4	unknown	unknown	unknown	Georgia/Tb-390/2020,Georgia/Tb-1523/2020,Georgia/Tb-673/2020,Georgia/Tb-273/2020
Griselda De Marco et al	1	unknown	unknown	unknown	Spain/Valencia6/2020
Nascimento et al	1	unknown	unknown	unknown	Brazil/AMBR-02/2020
Maria Alma Bracho et al	2	unknown	unknown	unknown	Spain/Valencia4/2020,Spain/Valencia43/2020
Giuseppe D'Auria et al	3	unknown	unknown	unknown	Spain/Valencia23/2020,Spain/Valencia13/2020,Spain/Valencia51/2020
Medina et al	3	unknown	unknown	unknown	Chile/Santiago_op3d1/2020,Chile/Santiago_op2d1/2020,Chile/Santiago_op4d1/2020
Navarro et al	2	unknown	unknown	unknown	Spain/Valencia54/2020,Spain/Valencia49/2020
Castillo et al	4	unknown	unknown	unknown	Chile/Santiago-1/2020,Chile/Talca-1/2020,Chile/Talca-2/2020,Chile/Santiago-2/2020
Guiomar et al et al	20	unknown	unknown	unknown	Portugal/PT0042/2020,Portugal/PT0064/2020,Portugal/PT0063/2020,Portugal/PT0040/2020,Portugal/PT0020/2020,Portugal/PT0015/2020,Portugal/PT0008/2020,Portugal/PT0083/2020,Portugal/PT0045/2020,Portugal/PT0060/2020,Portugal/PT0067/2020,Portugal/PT0092/2020,Portugal/PT0089/2020,Portugal/PT0088/2020,Portugal/PT0021/2020,Portugal/PT0044/2020,Portugal/PT0013/2020,Portugal/PT0014/2020,Portugal/PT0012/2020,Portugal/PT0018/2020
Bampali et al	3	unknown	unknown	unknown	Greece/16/2020,Greece/10/2020,Greece/12/2020
Romero et al	8	unknown	unknown	unknown	Brazil/RJ0113/2020,Brazil/MG0102/2020,Brazil/MG0108/2020,Brazil/RJ0118/2020,Brazil/RJ0116/2020,Brazil/SP0105/2020,Brazil/SP0104/2020,Brazil/RS0107/2020
Maria Dolores Ocete et al	1	unknown	unknown	unknown	Spain/Valencia5/2020
Gimeno et al	1	unknown	unknown	unknown	Spain/Valencia39/2020
Mariana Reyes-Prieto et al	1	unknown	unknown	unknown	Spain/Valencia35/2020
Inma Galan Vendrell et al	2	unknown	unknown	unknown	Spain/Valencia33/2020,Spain/Valencia61/2020
Carbo et al	1	unknown	unknown	unknown	Spain/Valencia62/2020
Paula Ruiz-Hueso et al	1	unknown	unknown	unknown	Spain/Valencia34/2020
Batty et al	5	unknown	unknown	unknown	Thailand/Bangkok-CONI-0019/2020,Thailand/Bangkok-CONI-0022/2020,Thailand/Bangkok-CONI-0017/2020,Thailand/Bangkok-CONI-0021/2020,Thailand/Bangkok-CONI-0020/2020
Vanmechelen et al	5	unknown	unknown	unknown	Belgium/GHB-03021/2020,Belgium/HAA-030953/2020,Belgium/BA-02291/2020,Belgium/NKR-030645/2020,Belgium/VDLH-030548/2020
Marcela Mercado-Reyes et al	2	unknown	unknown	unknown	Colombia/Antioquia79256/2020,Colombia/Bogota78390/2020
Adams et al	25	unknown	unknown	unknown	Germany/NRW-39/2020,Germany/NRW-46/2020,Germany/NRW-35/2020,Germany/NRW-15/2020,Germany/NRW-31/2020,Germany/NRW-09/2020,Germany/NRW-10/2020,Germany/NRW-50/2020,Germany/NRW-04/2020,Germany/NRW-07/2020,Germany/NRW-01/2020,Germany/NRW-08/2020,Germany/NRW-06/2020,Germany/NRW-03/2020,Germany/NRW-05/2020,Germany/NRW-02-1/2020,Germany/NRW-41/2020,Germany/NRW-19/2020,Germany/NRW-22/2020,Germany/NRW-23/2020,Germany/NRW-20/2020,Germany/NRW-33/2020,Germany/NRW-36/2020,Germany/NRW-34/2020,Germany/NRW-51/2020
Irma Lopez Martinez et al	1	unknown	unknown	unknown	Mexico/EdoMex-InDRE_03/2020
Gisela Barrera Badillo et al	1	unknown	unknown	unknown	Mexico/Queretaro-InDRE_04/2020
Rockett et al	4	unknown	unknown	unknown	Australia/NSW02/2020,Australia/NSW09/2020,Australia/NSW08/2020,Australia/NSW10/2020
Paden et al	1	unknown	unknown	unknown	USA/MA1/2020
Boese et al	1	unknown	unknown	unknown	Canada/ON-VIDO-01/2020
Eshaghi et al	10	unknown	unknown	unknown	Canada/ON-PHL2445/2020,Canada/ON_PHL4181/2020,Canada/ON_PHL3459/2020,Canada/ON_PHL0141/2020,Canada/ON_PHL5472/2020,Canada/ON_PHL6922/2020,Canada/ON_PHL0977/2020,Canada/ON_PHL8751/2020,Canada/ON_PHL3650/2020,Canada/ON_PHL4088/2020
Bengner et al	1	unknown	unknown	unknown	Sweden/01/2020
Terrier et al	1	unknown	unknown	unknown	France/IDF0386-islP1/2020
Octavia et al	5	unknown	unknown	unknown	Singapore/7/2020,Singapore/8/2020,Singapore/9/2020,Singapore/10/2020,Singapore/11/2020
Thomas S.H. Chung et al	1	unknown	unknown	unknown	canine/HongKong/20-02756/2020
Chong-Yee YAU et al	1	unknown	unknown	unknown	HongKong/HKPU35_0402/2020
Linlin et al	1	unknown	unknown	unknown	China/WH-09/2020
Marquez et al	1	unknown	unknown	unknown	Ecuador/HEE-01/2020
Deng et al	1	unknown	unknown	unknown	USA/CA-CDPH-UC2/2020
Shi et al	2	unknown	unknown	unknown	China/IQTC02/2020,China/IQTC01/2020
Jing Lu et al	1	unknown	unknown	unknown	Guangdong/FS-S42-P0046/2020
Zhang et al	6	unknown	unknown	unknown	USA/WI1/2020,Wuhan-Hu-1/2019,Shanghai/SH01/2020,Zhejiang/WZ-02/2020,USA/CA6/2020,Zhejiang/HZ103/2020
Cui et al	1	unknown	unknown	unknown	Jiangsu/JS01/2020
Alghoribi et al	1	unknown	unknown	unknown	SaudiArabia/KAIMRC-Alghoribi/2020
Yoong Min CHONG et al	2	unknown	unknown	unknown	Malaysia/188407/2020,Malaysia/189332/2020
Giandhari et al	5	unknown	unknown	unknown	SouthAfrica/KRISP_0006/2020,SouthAfrica/KRISP_0002/2020,SouthAfrica/KRISP_0012/2020,SouthAfrica/KRISP_0007/2020,SouthAfrica/KRISP_0011/2020
Javed et al	1	unknown	unknown	unknown	Pakistan/Gilgit1/2020
Yadav et al	17	unknown	unknown	unknown	India/1125/2020,India/1111/2020,India/1104/2020,India/1617/2020,India/1063/2020,India/1093/2020,India/1073/2020,India/1100/2020,India/1115/2020,India/1621/2020,India/1644/2020,India/1652/2020,India/1616/2020,India/c31/2020,India/3239/2020,India/3118/2020,India/1135/2020
Tsao et al	20	unknown	unknown	unknown	Taiwan/CGMH-CGU-04/2020,Taiwan/CGMH-CGU-05/2020,Taiwan/CGMH-CGU-07/2020,Taiwan/CGMH-CGU-03/2020,Taiwan/CGMH-CGU-08/2020,Taiwan/CGMH-CGU-06/2020,Taiwan/CGMH-CGU-10/2020,Taiwan/CGMH-CGU-11/2020,Taiwan/CGMH-CGU-09/2020,Taiwan/CGMH-CGU-02/2020,Taiwan/CGMH-CGU-01/2020,Taiwan/CGMH-CGU-13/2020,Taiwan/CGMH-CGU-12/2020,Taiwan/CGMH-CGU-20/2020,Taiwan/CGMH-CGU-18/2020,Taiwan/CGMH-CGU-15/2020,Taiwan/CGMH-CGU-16/2020,Taiwan/CGMH-CGU-19/2020,Taiwan/CGMH-CGU-17/2020,Taiwan/CGMH-CGU-14/2020
Patel et al	1	unknown	unknown	unknown	USA/NY1-PV08001/2020
Shaikh Terkis Islam Pavel et al	1	unknown	unknown	unknown	Turkey/ERAGEM-001/2020
Zeinali et al	1	unknown	unknown	unknown	Iran/HGRC-01-IPI-8206/2020
Fahd Al-Mulla et al	8	unknown	unknown	unknown	Kuwait/KU17/2020,Kuwait/KU09/2020,Kuwait/KU12/2020,Kuwait/KU18/2020,Kuwait/KU005/2020,Kuwait/KU008/2020,Kuwait/KU006/2020,Kuwait/KU001/2020
Kotaria et al	5	unknown	unknown	unknown	Georgia/Tb-82/2020,Georgia/Tb-468/2020,Georgia/Tb-54/2020,Georgia/Tb-1352/2020,Georgia/Tb-477/2020
Popa et al	21	unknown	unknown	unknown	Austria/CeMM0004/2020,Austria/CeMM0005/2020,Austria/CeMM0009/2020,Austria/CeMM0002/2020,Austria/CeMM0001/2020,Austria/CeMM0018/2020,Austria/CeMM0019/2020,Austria/CeMM0003/2020,Austria/CeMM0010/2020,Austria/CeMM0014/2020,Austria/CeMM0006/2020,Austria/CeMM0016/2020,Austria/CeMM0008/2020,Austria/CeMM0011/2020,Austria/CeMM0020/2020,Austria/CeMM0007/2020,Austria/CeMM0013/2020,Austria/CeMM0017/2020,Austria/CeMM0012/2020,Austria/CeMM0021/2020,Austria/CeMM0015/2020
Kathrine Stene-Johansen et al	27	unknown	unknown	unknown	Norway/1380/2020,Norway/1538/2020,Norway/1494/2020,Norway/1455/2020,Norway/1443/2020,Norway/1493/2020,Norway/1694/2020,Norway/1379/2020,Norway/2052/2020,Norway/2087/2020,Norway/1526/2020,Norway/2093/2020,Norway/2090/2020,Norway/1867/2020,Norway/1811/2020,Norway/1772/2020,Norway/1495/2020,Norway/1955/2020,Norway/1953/2020,Norway/2088/2020,Norway/2114/2020,Norway/1781/2020,Norway/2084/2020,Norway/1917/2020,Norway/1951/2020,Norway/1989/2020,Norway/2065/2020
Meumann et al	4	unknown	unknown	unknown	Australia/NT01/2020,Australia/NT04/2020,Australia/NT05/2020,Australia/NT02/2020
Hishiki et al	4	unknown	unknown	unknown	Japan/Hu_DP_Kng_19-020/2020,Japan/Hu_DP_Kng_19-031/2020,Japan/Hu_DP_Kng_19-027/2020,Japan/Hu_Kng_19-437/2020
Inbar Cohen-Gihon et al	2	unknown	unknown	unknown	Israel/ISR_JP0320/2020,Israel/ISR_IT0320/2020
Ge et al	1	unknown	unknown	unknown	Fuyang/FY002/2020
Stefanelli et al	2	unknown	unknown	unknown	Italy/SPL1/2020,Italy/CDG1/2020
Capobianchi et al	1	unknown	unknown	unknown	Italy/INMI1-cs/2020
Dahdouh et al	3	unknown	unknown	unknown	Spain/Madrid_H2_16/2020,Spain/Madrid_LP14_3/2020,Spain/Madrid_H10_39/2020
Machablishvili et al	1	unknown	unknown	unknown	Georgia/Tb-537/2020
Gudbjartsson et al	21	unknown	unknown	unknown	Iceland/13/2020,Iceland/540/2020,Iceland/246/2020,Iceland/263/2020,Iceland/516/2020,Iceland/464/2020,Iceland/207/2020,Iceland/552/2020,Iceland/418/2020,Iceland/31/2020,Iceland/59/2020,Iceland/219/2020,Iceland/80/2020,Iceland/20/2020,Iceland/14/2020,Iceland/69/2020,Iceland/103/2020,Iceland/312/2020,Iceland/254/2020,Iceland/214/2020,Iceland/107/2020
M.E. Quinones-Mateu et al	2	unknown	unknown	unknown	NewZealand/CoV002/2020,NewZealand/CoV001/2020
Roychoudhury et al	9	unknown	unknown	unknown	USA/WA3-UW1/2020,USA/WA-UW108/2020,USA/WA-UW185/2020,USA/ID-UW-4461/2020,USA/CT-UW223/2020,USA/WA-UW-1792/2020,USA/WA-UW136/2020,USA/CT-UW224/2020,USA/CT-UW272/2020
Tomaz Mark Zorec et al	1	unknown	unknown	unknown	Slovenia/808/2020
Smura et al	22	unknown	unknown	unknown	Finland/FIN03032020B/2020,Finland/13M79/2020,Finland/1/2020,Finland/14M74/2020,Finland/FIN-114/2020,Finland/FIN-25/2020,Finland/13M19/2020,Finland/14M13/2020,Finland/14M14/2020,Finland/13M57/2020,Finland/14M77/2020,Finland/14M12/2020,Finland/14M16/2020,Finland/14M26/2020,Finland/13M65/2020,Finland/13M64/2020,Finland/13M60/2020,Finland/13M58/2020,Finland/13M82/2020,Finland/FIN-455/2020,Finland/14M32/2020,Finland/13M26/2020
Resende et al	3	unknown	unknown	unknown	Brazil/ES-225/2020,Brazil/BA-312/2020,Brazil/RJ-314/2020
Carr et al	11	unknown	unknown	unknown	Ireland/22901/2020,Ireland/24042/2020,Ireland/21023/2020,Ireland/21145/2020,Ireland/Dublin-19072/2020,Ireland/Dublin-22361/2020,Ireland/Dublin-22428/2020,Ireland/24052/2020,Ireland/Limerick-19934/2020,Ireland/Limerick-19935/2020,Ireland/Limerick-19933/2020
Schmutz et al	4	unknown	unknown	unknown	Switzerland/1000477102/2020,Switzerland/1000477797/2020,Switzerland/1000477806/2020,Switzerland/1000477796/2020
Jaqueline Goes de Jesus et al	2	unknown	unknown	unknown	Brazil/SPBR-02/2020,Brazil/SPBR-01/2020
Claudio Tavares Sacchi et al	11	unknown	unknown	unknown	Brazil/SPBR-10/2020,Brazil/SPBR-11/2020,Brazil/SPBR-13/2020,Brazil/SPBR-08/2020,Brazil/SPBR-03/2020,Brazil/SPBR-07/2020,Brazil/SPBR-04/2020,Brazil/SPBR-14/2020,Brazil/SPBR-05/2020,Brazil/SPBR-06/2020,Brazil/SPBR-09/2020
McHugh et al	6	unknown	unknown	unknown	Scotland/EDB182/2020,Scotland/EDB039/2020,Scotland/EDB561/2020,Scotland/EDB057/2020,Scotland/EDB327/2020,Scotland/EDB562/2020
Durkin et al	24	unknown	unknown	unknown	Belgium/ULG-10080/2020,Belgium/ULG-10061/2020,Belgium/ULG-10057/2020,Belgium/ULG-10093/2020,Belgium/ULG-10072/2020,Belgium/ULG-10082/2020,Belgium/ULG-10051/2020,Belgium/ULG-10058/2020,Belgium/ULG-10085/2020,Belgium/ULG-10054/2020,Belgium/ULG-9572/2020,Belgium/ULG-10001/2020,Belgium/ULG-10078/2020,Belgium/ULG-9751/2020,Belgium/ULG-8541/2020,Belgium/ULG-10092/2020,Belgium/ULG-10060/2020,Belgium/ULG-10086/2020,Belgium/ULG-10062/2020,Belgium/ULG-10074/2020,Belgium/ULG-10056/2020,Belgium/ULG-10069/2020,Belgium/ULG-10049/2020,Belgium/ULG-10055/2020
Clark et al	2	unknown	unknown	unknown	England/NOTT-10DFC9/2020,England/NOTT-10E4F6/2020
Thushan de Silva et al	1	unknown	unknown	unknown	England/SHEF-BFCEE/2020
Seemann et al	6	unknown	unknown	unknown	Australia/VIC120/2020,Australia/VIC315/2020,Australia/VIC109/2020,Australia/VIC309/2020,Australia/VIC114/2020,Australia/VIC136/2020
Plumb et al	1	unknown	unknown	unknown	USA/MN42-MDH42/2020
Bas Oude Munnink et al	36	unknown	unknown	unknown	Netherlands/NA_297/2020,Netherlands/NA_318/2020,Netherlands/NA_295/2020,Netherlands/NA_294/2020,Netherlands/NA_298/2020,Netherlands/NA_313/2020,Netherlands/NA_301/2020,Netherlands/Gelderland_7/2020,Netherlands/NA_315/2020,Netherlands/NA_291/2020,Netherlands/NA_305/2020,Netherlands/NA_303/2020,Netherlands/ZuidHolland_73/2020,Netherlands/NA_308/2020,Netherlands/ZuidHolland_52/2020,Netherlands/NA_302/2020,Netherlands/NA_293/2020,Netherlands/NA_317/2020,Netherlands/NA_306/2020,Netherlands/NA_304/2020,Netherlands/NA_114/2020,Netherlands/NA_296/2020,Netherlands/NA_316/2020,Netherlands/NA_307/2020,Netherlands/NA_187/2020,Netherlands/ZuidHolland_67/2020,Netherlands/NoordBrabant_81/2020,Netherlands/NoordBrabant_98/2020,Netherlands/NA_157/2020,Netherlands/NoordBrabant_85/2020,Netherlands/NoordBrabant_74/2020,Netherlands/NoordBrabant_104/2020,Netherlands/NoordBrabant_96/2020,Netherlands/NoordBrabant_105/2020,Netherlands/NA_158/2020,Netherlands/NoordBrabant_100/2020
Anke Wienecke-Baldacchino et al	21	unknown	unknown	unknown	Luxembourg/LNS0945359/2020,Luxembourg/LNS0641910/2020,Luxembourg/LNS1870254/2020,Luxembourg/LNS3694003/2020,Luxembourg/LNS0000001/2020,Luxembourg/LNS3588186/2020,Luxembourg/LNS1874423/2020,Luxembourg/LNS0814536/2020,Luxembourg/LNS4845603/2020,Luxembourg/LNS3052946/2020,Luxembourg/LNS6500589/2020,Luxembourg/LNS1644489/2020,Luxembourg/LNS9862689/2020,Luxembourg/LNS5032431/2020,Luxembourg/LNS3711853/2020,Luxembourg/LNS2614631/2020,Luxembourg/LNS9652104/2020,Luxembourg/LNS7991123/2020,Luxembourg/LNS4569788/2020,Luxembourg/LNS0819394/2020,Luxembourg/LNS2334563/2020
Maria Aguero-Rosenfeld et al	17	unknown	unknown	unknown	USA/NY-NYUMC36/2020,USA/NY-NYUMC90/2020,USA/NY-NYUMC54/2020,USA/NY-NYUMC126/2020,USA/NY-NYUMC156/2020,USA/NY-NYUMC51/2020,USA/NY-NYUMC140/2020,USA/NY-NYUMC159/2020,USA/NY-NYUMC127/2020,USA/NY-NYUMC161/2020,USA/NY-NYUMC145/2020,USA/NY-NYUMC152/2020,USA/NY-NYUMC125/2020,USA/NY-NYUMC143/2020,USA/NY-NYUMC153/2020,USA/NY-NYUMC160/2020,USA/NY-NYUMC131/2020
Zhao et al	2	unknown	unknown	unknown	Jiangsu/JS02/2020,Jiangsu/JS03/2020
FOI Bioinformatics team et al	1	unknown	unknown	unknown	Sweden/RV-FOI-1/2020
Pilailuk et al	2	unknown	unknown	unknown	Nonthaburi/61/2020,Nonthaburi/74/2020
Yu hua et al	15	unknown	unknown	unknown	Hangzhou/HZ576/2020,Hangzhou/HZ638/2020,Hangzhou/HZ551/2020,Hangzhou/HZ481/2020,Hangzhou/HZ49/2020,Hangzhou/HZ48/2020,Hangzhou/HZ79/2020,Hangzhou/HZ91/2020,Hangzhou/HZ90/2020,Hangzhou/HZ62/2020,Hangzhou/HZ178/2020,Hangzhou/HZ185/2020,Hangzhou/HZ477/2020,Hangzhou/HZ162/2020,Hangzhou/HZ60/2020
Silamikelis et al	9	unknown	unknown	unknown	Latvia/0002/2020,Latvia/0004/2020,Latvia/0003/2020,Latvia/0007/2020,Latvia/0006/2020,Latvia/0009/2020,Latvia/0005/2020,Latvia/0001/2020,Latvia/0008/2020
Cao et al	1	unknown	unknown	unknown	Vietnam/19-01S/2020
Nguyen et al	1	unknown	unknown	unknown	Vietnam/19-02S/2020
Dempsey et al	1	unknown	unknown	unknown	Ireland/Cork2/2020
Bal et al	10	unknown	unknown	unknown	France/RA739/2020,France/ARA10282/2020,France/ARA12217/2020,France/ARA11980/2020,France/Lyon_487/2020,France/Lyon_06056/2020,France/Lyon_06487/2020,France/ARA10184/2020,France/ARA10257/2020,France/ARA12996/2020
Sah et al	1	unknown	unknown	unknown	Nepal/61/2020
Alan K.L. Tsang et al	1	unknown	unknown	unknown	HongKong/VB20017970/2020
Karlsson et al	1	unknown	unknown	unknown	Cambodia/0012/2020
Hua et al	1	unknown	unknown	unknown	Hangzhou/HZ-1/2020
Slavikova et al	4	unknown	unknown	unknown	Slovakia/SK-BMC6/2020,Slovakia/SK-BMC1/2020,Slovakia/SK-BMC2/2020,Slovakia/SK-BMC5/2020
Moore et al	4	unknown	unknown	unknown	Wales/PHWC-25A9E/2020,Wales/PHWC-26981/2020,Wales/PHWC-25F71/2020,Wales/PHW1/2020
Zainab et al	1	unknown	unknown	unknown	Pakistan/Manga-KPK/2020
Milewska et al	1	unknown	unknown	unknown	Poland/PL_P1/2020
Corman et al	2	unknown	unknown	unknown	Germany/BavPat1/2020,Germany/Baden-Wuerttemberg-1/2020
Joan Marti-Carreras et al	11	unknown	unknown	unknown	Belgium/UM-0318103/2020,Belgium/KKN-0319184/2020,Belgium/FM-030592/2020,Belgium/BEG-0324149/2020,Belgium/GLA-0324179/2020,Belgium/STM-0324170/2020,Belgium/QL-0324173/2020,Belgium/HL-030771/2020,Belgium/DCB-0324163/2020,Belgium/DLDJ-030569/2020,Belgium/WAM-030676/2020
Zehender et al	2	unknown	unknown	unknown	Italy/UniMI01/2020,Italy/UniMI03/2020
Castilletti et al	1	unknown	unknown	unknown	Italy/INMI8/2020
Rasmussen et al	9	unknown	unknown	unknown	Denmark/SSI-101/2020,Denmark/SSI-05/2020,Denmark/SSI-01/2020,Denmark/SSI-02/2020,Denmark/SSI-04/2020,Denmark/SSI-104/2020,Denmark/SSI-102/2020,Denmark/SSI-03/2020,Denmark/SSI-09/2020
Munoz-Medina et al	1	unknown	unknown	unknown	Mexico/Chihuahua-IMSS_01/2020
Shchetinin et al	1	unknown	unknown	unknown	Russia/Moscow_PMVL-1/2020
Laubscher et al	11	unknown	unknown	unknown	Switzerland/GE1402/2020,Switzerland/AG7120/2020,Switzerland/GE8102/2020,Switzerland/GE0199/2020,Switzerland/BS0914/2020,Switzerland/GR2988/2020,Switzerland/GR3043/2020,Switzerland/VD0503/2020,Switzerland/GE4984/2020,Switzerland/GE06207/2020,Switzerland/GE6679/2020
Hirsch et al	16	unknown	unknown	unknown	Switzerland/42169171/2020,Switzerland/42202622/2020,Switzerland/42202619/2020,Switzerland/42169471/2020,Switzerland/42170345/2020,Switzerland/42176753/2020,Switzerland/42176229/2020,Switzerland/42176771/2020,Switzerland/42176560/2020,Switzerland/42176216/2020,Switzerland/42178712/2020,Switzerland/42175075/2020,Switzerland/42177236/2020,Switzerland/42177430/2020,Switzerland/42177434/2020,Switzerland/42177472/2020
Pragya Yadav. Savita Patil et al	7	unknown	unknown	unknown	India/c32/2020,India/772/2020,India/763/2020,India/770/2020,India/781/2020,India/773/2020,India/777/2020
Timms et al	1	unknown	unknown	unknown	Australia/NSW50/2020
Muenchhoff et al	3	unknown	unknown	unknown	Germany/BAV-V2011376/2020,Germany/BAV-V2010486/2020,Germany/BAV-V2012856/2020
Urban et al	3	unknown	unknown	unknown	Hungary/49/2020,Hungary/mbl1/2020,Hungary/2/2020
LAUBSCHER Florian et al. et al	7	unknown	unknown	unknown	Switzerland/GE3895/2020,Switzerland/GE9586/2020,Switzerland/BL0902/2020,Switzerland/TI9486/2020,Switzerland/AG0361/2020,Switzerland/GE5373/2020,Switzerland/GE3121/2020
Carlos Padilla Rojas et al	1	unknown	unknown	unknown	Peru/010/2020
Oluniyi et al	1	unknown	unknown	unknown	Nigeria/Lagos01/2020
Belen Prado-Vivar et al	1	unknown	unknown	unknown	Ecuador/HGSQ-USFQ-018/2020
Ernesto et al	1	unknown	unknown	unknown	Mexico/CDMX-InDRE_01/2020
Cesare M. Gruber et al	1	unknown	unknown	unknown	Italy/INMI4/2020
Neris Garcia-Gonzalez et al	1	unknown	unknown	unknown	Spain/Valencia25/2020
Lorusso et al	11	unknown	unknown	unknown	Italy/TE4953/2020,Italy/TE5056/2020,Italy/TE4880/2020,Italy/TE5476/2020,Italy/TE6222/2020,Italy/TE5780/2020,Italy/6193/2020,Italy/TE6195/2020,Italy/TE4836/2020,Italy/TE5472/2020,Italy/TE5166/2020
Tu et al	1	unknown	unknown	unknown	USA/OSUP0109/2020
Baumeister et al	3	unknown	unknown	unknown	Argentina/C121/2020,Argentina/C1374/2020,Argentina/C3013/2020
Chanturia et al	2	unknown	unknown	unknown	Georgia/Tb-1679/2020,Georgia/Tb-712/2020
Carletti et al	1	unknown	unknown	unknown	Italy/INMI9/2020
Vereecke et al	1	unknown	unknown	unknown	Belgium/UGent-13/2020
Fabiola Garces Ayala et al	1	unknown	unknown	unknown	Mexico/Puebla-InDRE_05/2020
Viedma et al	2	unknown	unknown	unknown	Spain/Madrid_H12_1301/2020,Spain/Madrid_H12_2006/2020
Andres et al	1	unknown	unknown	unknown	Spain/VH000001133/2020
Messina et al	1	unknown	unknown	unknown	Italy/INMI5/2020
Franco et al	1	unknown	unknown	unknown	Panama/328677/2020
Sikazwe et al	1	unknown	unknown	unknown	Australia/WA11/202
Allam et al	1	unknown	unknown	unknown	SouthAfrica/R03006-20/2020
Komissarov et al	3	unknown	unknown	unknown	Russia/StPetersburg-3524/2020,Russia/StPetersburg-RII3997/2020,Russia/StPetersburg-RII3992/2020
Albarrag et al	2	unknown	unknown	unknown	SaudiArabia/SCDC-3324/2020,SaudiArabia/SCDC-3321/2020
Majer et al	1	unknown	unknown	unknown	Canada/SK_4/2020
Li jian Xiong et al	1	unknown	unknown	unknown	NanChang/JX216/2020
Kirsten St. George et al	2	unknown	unknown	unknown	USA/NY-Wadsworth-16766-01/2020,USA/NY-Wadsworth-16833-01/2020
Nagy et al	2	unknown	unknown	unknown	CzechRepublic/2741/2020,CzechRepublic/951/2020
Keith et al	1	unknown	unknown	unknown	Belgium/ULG-6939/2020
Craig Richmond & Paraic Kenny et al	1	unknown	unknown	unknown	USA/WI-GMF-00557/2020
Laubscher  et al	2	unknown	unknown	unknown	Switzerland/BE2536/2020,Switzerland/GE4135/2020
Kotorashvili et al	1	unknown	unknown	unknown	Georgia/Tb/2020
Zakotnik et al	2	unknown	unknown	unknown	Slovenia/12304/2020,Slovenia/4584/2020
Licastro et al	3	unknown	unknown	unknown	Italy/FVG-ICGEB_S8/2020,Italy/FVG-ICGEB_S9/2020,Italy/FVG-ICGEB_S1/2020
Rueca et al	1	unknown	unknown	unknown	Italy/INMI3/2020
Imai et al	2	unknown	unknown	unknown	Japan/SMU-0311S3/2020,Japan/SMU-0311S2/2020
Bartolini et al	1	unknown	unknown	unknown	Italy/INMI6/2020
Milani et al	1	unknown	unknown	unknown	Italy/VR_20COV21-37/2020
Maddocks et al	1	unknown	unknown	unknown	Australia/NSW39/2020