Author	n (strains)	publication title	journal	publication URL	strains
Zhou et al	5	unknown	unknown	unknown	Wuhan/WIV07/2019,Wuhan/WIV05/2019,Wuhan/WIV02/2019,Wuhan/WIV06/2019,Wuhan/WIV04/2019
Chen et al	6	unknown	unknown	unknown	Wuhan/WH01/2019,HongKong/CUHK1/2020,Wuhan/WHU01/2020,Wuhan/WHU02/2020,Wuhan/WH03/2020,USA/NY-NYUMC3/2020
Ren et al	4	unknown	unknown	unknown	Wuhan/IPBCAMS-WH-01/2019,Wuhan/IPBCAMS-WH-03/2019,Wuhan/IPBCAMS-WH-02/2019,Wuhan/IPBCAMS-WH-04/2019
Tan et al	2	unknown	unknown	unknown	Wuhan/IVDC-HB-05/2019,Wuhan/IVDC-HB-01/2019
Fang et al	3	unknown	unknown	unknown	Wuhan/HBCDC-HB-01/2019,Wuhan/HBCDC-HB-02/2019,Wuhan/HBCDC-HB-03/2019
Rockett et al	4	unknown	unknown	unknown	Australia/NSW02/2020,Australia/NSW09/2020,Australia/NSW08/2020,Australia/NSW10/2020
Huang et al	8	unknown	unknown	unknown	Australia/QLDID922/2020,Australia/QLD02/2020,Australia/QLD03/2020,Australia/QLD01/2020,Australia/QLD04/2020,Australia/QLDID929/2020,Australia/QLD09/2020,Australia/QLDID924/2020
Sekizuka et al	24	unknown	unknown	unknown	Japan/KY-V-029/2020,Japan/TY-WK-501/2020,Japan/TY-WK-521/2020,Japan/TY-WK-012/2020,Japan/TK-20-31-3/2020,Japan/NA-20-05-1/2020,Japan/OS-20-07-1/2020,Japan/AI-I-004/2020,Japan/P5-3/2020,Japan/P4-8/2020,Japan/P4-6/2020,Japan/P4-7/2020,Japan/P4-1/2020,Japan/P4-3/2020,Japan/P4-2/2020,Japan/P5-1/2020,Japan/P5-2/2020,Japan/P4-5/2020,Japan/P4-4/2020,Japan/P3-1/2020,Japan/P3-2/2020,Japan/P2-1/2020,Japan/P1/2020,Japan/P2-2/2020
Queen et al	13	unknown	unknown	unknown	USA/CA8/2020,USA/CA3/2020,USA/CA4/2020,USA/WA1/2020,USA/TX1/2020,USA/CA7/2020,Korea/BA-ACH_2604/2020,Korea/BA-ACH_2719/2020,Korea/BA-ACH_2718/2020,USA/TX_2039/2020,USA/CA9/2020,USA/IL_1293/2020,USA/FL_6318/2020
Paden et al	1	unknown	unknown	unknown	USA/MA1/2020
Boese et al	1	unknown	unknown	unknown	Canada/ON-VIDO-01/2020
Eshaghi et al	18	unknown	unknown	unknown	Canada/ON-PHL2445/2020,Canada/ON_PHL4181/2020,Canada/ON_PHL5472/2020,Canada/ON_PHL7590/2020,Canada/ON_PHL8458/2020,Canada/ON_PHL8539/2020,Canada/ON_PHL0654/2020,Canada/ON_PHL6922/2020,Canada/ON_PHL3536/2020,Canada/ON_PHL0977/2020,Canada/ON_PHL3695/2020,Canada/ON_PHLH6415/2020,Canada/ON_PHL8751/2020,Canada/ON_PHL3680/2020,Canada/ON_PHL3650/2020,Canada/ON_PHL3380/2020,Canada/ON_PHLU8150/2020,Canada/ON_PHL4088/2020
Wang et al	17	unknown	unknown	unknown	Shanghai/SH0034/2020,Shanghai/SH0075/2020,Shanghai/SH0017/2020,HongKong/XM-PII-S4/2020,Shanghai/SH0117/2020,Shanghai/SH0003/2020,Shanghai/SH0002/2020,Shanghai/SH0069/2020,Shanghai/SH0054/2020,Shanghai/SH0121/2020,Shanghai/SH0028/2020,Shanghai/SH0119/2020,Shanghai/SH0044/2020,Shanghai/SH0102/2020,Shanghai/SH0101/2020,Shanghai/SH0077/2020,Shanghai/SH0073/2020
Potdar et al	2	unknown	unknown	unknown	India/1-31/2020,India/1-27/2020
Caly et al	22	unknown	unknown	unknown	Australia/VIC13/2020,Australia/VIC07/2020,Australia/VIC138/2020,Australia/VIC01/2020,Australia/VIC02/2020,Australia/VIC03/2020,Australia/VIC152/2020,Australia/VIC79/2020,Australia/VIC81/2020,Australia/VIC301/2020,Australia/VIC14/2020,Australia/VIC15/2020,Australia/VIC197/2020,Australia/VIC163/2020,Australia/VIC240/2020,Australia/VIC230/2020,Australia/VIC156/2020,Australia/VIC238/2020,Australia/VIC201/2020,Australia/VIC270/2020,Australia/VIC284/2020,Australia/VIC271/2020
Tsao et al	12	unknown	unknown	unknown	Taiwan/CGMH-CGU-02/2020,Taiwan/CGMH-CGU-09/2020,Taiwan/CGMH-CGU-04/2020,Taiwan/CGMH-CGU-05/2020,Taiwan/CGMH-CGU-03/2020,Taiwan/CGMH-CGU-01/2020,Taiwan/CGMH-CGU-12/2020,Taiwan/CGMH-CGU-18/2020,Taiwan/CGMH-CGU-16/2020,Taiwan/CGMH-CGU-19/2020,Taiwan/CGMH-CGU-14/2020,Taiwan/CGMH-CGU-15/2020
Kim et al	16	unknown	unknown	unknown	Korea/KCDC2002/2020,SouthKorea/KCDC05/2020,SouthKorea/KCDC24/2020,Korea/KCDC2006/2020,SouthKorea/KCDC07/2020,Korea/KCDC2008/2020,Korea/KCDC2009/2020,Korea/KCDC2011/2020,Korea/KCDC2010/2020,SouthKorea/KCDC03/2020,SouthKorea/KCDC06/2020,Korea/KCDC2001/2020,Korea/KCDC2004/2020,SouthKorea/KCDC12/2020,Korea/KCDC2005/2020,Korea/KCDC2007/2020
Galiano et al	48	unknown	unknown	unknown	England/01/2020,England/02/2020,England/20144003804/2020,England/200960515/2020,England/200990006/2020,England/20144018704/2020,England/20134004204/2020,England/20146011804/2020,England/20146015504/2020,England/20144072804/2020,England/20129133804/2020,England/20102000106/2020,England/20100001406/2020,England/09c/2020,England/200940527/2020,England/200990725/2020,England/200990724/2020,England/20102088002/2020,England/20146009204/2020,England/20139068504/2020,England/20148006904/2020,England/20132106104/2020,England/20132032904/2020,England/20142130404/2020,England/200690306/2020,England/20146001704/2020,England/20132079304/2020,England/20146049204/2020,England/20148041104/2020,England/200690300/2020,England/200641094/2020,England/200690245/2020,England/200690756/2020,England/20146005804/2020,England/20109099106/2020,England/20148006604/2020,England/20130071804/2020,England/20099038206/2020,England/20146025304/2020,England/20146001004/2020,England/20148043704/2020,England/200981386/2020,England/200990660/2020,England/20146004804/2020,England/20136087804/2020,England/20140039604/2020,England/20134018602/2020,England/20146061904/2020
Mak et al	18	unknown	unknown	unknown	Singapore/20/2020,Singapore/12Clin/2020,Singapore/15/2020,Singapore/14Clin/2020,Singapore/21/2020,Singapore/16/2020,Singapore/18/2020,Singapore/19/2020,Singapore/17/2020,Singapore/41/2020,Singapore/42/2020,Singapore/3Clin/2020,Singapore/1/2020,Singapore/35/2020,Singapore/36/2020,Singapore/38/2020,Singapore/39/2020,Singapore/37/2020
Mohd Noor Mat Isa et al	6	unknown	unknown	unknown	Malaysia/MKAK-CL-2020-6430/2020,Malaysia/MKAK-CL-2020-5096/2020,Malaysia/MKAK-CL-2020-7554/2020,Malaysia/MKAK-CL-2020-5045/2020,Malaysia/MKAK-CL-2020-5049/2020,Malaysia/MKAK-CL-2020-5047/2020
Joel Armando Vazquez Perez et al	5	unknown	unknown	unknown	Mexico/CDMX-INER_05/2020,Mexico/CDMX-INER_03/2020,Mexico/CDMX-INER_04/2020,Mexico/CDMX-INER_02/2020,Mexico/CDMX-INER_01/2020
Adnan Araiza Rodriguez et al	1	unknown	unknown	unknown	Mexico/CDMX-InDRE_06/2020
Chu et al et al	1	unknown	unknown	unknown	USA/WA-S5/2020
Chu etl al et al	1	unknown	unknown	unknown	USA/WA-S94/2020
Eden et al	6	unknown	unknown	unknown	Australia/NSW04/2020,Australia/NSW01/2020,Australia/NSW03/2020,Australia/NSW05/2020,Australia/NSW07/2020,Australia/NSW06/2020
Zhao et al et al	1	unknown	unknown	unknown	Guangzhou/GZMU0042/2020
Tao et al	10	unknown	unknown	unknown	USA/AZ1/2020,USA/MA_1355/2020,USA/GA_2741/2020,USA/OR_2656/2020,USA/CA5/2020,USA/IL1/2020,USA/CA_2602/2020,USA/WA_5030/2020,USA/GA_2742/2020,USA/IA_6396/2020
Braun et al	1	unknown	unknown	unknown	Japan/UT-NCGM02/2020
Storey et al	5	unknown	unknown	unknown	NewZealand/20VR0276/2020,NewZealand/01/2020,NewZealand/20VR0206/2020,NewZealand/20VR019/2020,NewZealand/20VR0189/2020
Uehara et al	5	unknown	unknown	unknown	USA/CA1/2020,USA/CA2/2020,USA/TX_2020/2020,USA/FL_5091/2020,USA/FL_5125/2020
Li et al	14	unknown	unknown	unknown	USA/IL2/2020,Hangzhou/HZCDC6789/2020,Shangrao/JX1215/2020,Hangzhou/HZCDC0048L/2020,Hangzhou/HZCDC0091L/2020,Hangzhou/HZCDC0049L/2020,Hangzhou/HZCDC0048/2020,Hangzhou/HZCDC0090L/2020,Hangzhou/HZCDC0119/2020,Shangrao/JX1178/2020,Hangzhou/HZCDC0001/2020,Hangzhou/HZCDC6706/2020,USA/VA_6352/2020,USA/VA_6377/2020
Wellington SCL et al	1	unknown	unknown	unknown	NewZealand/20VR0275/2020
Dominic N.C. Tsang et al	7	unknown	unknown	unknown	HongKong/VM20001061/2020,HongKong/VM20002582/2020,HongKong/VB20024950/2020,HongKong/VM20002507/2020,HongKong/VM20002493/2020,HongKong/VB20026565/2020,HongKong/VM20002849/2020
Kenneth Siu-Sing LEUNG et al	20	unknown	unknown	unknown	HongKong/HKPU1_2101/2020,HongKong/HKPU53-0802/2020,HongKong/HKPU48-0202/2020,HongKong/HKPU2_1801/2020,HongKong/HKPU102_2802/2020,HongKong/HKPU23_2601/2020,HongKong/HKPU73-0802/2020,HongKong/HKPU70-1302/2020,HongKong/HKPU19_0402/2020,HongKong/HKPU42-0302/2020,HongKong/HKPU12_2201/2020,HongKong/HKPU52-3101/2020,HongKong/HKPU17_2201/2020,HongKong/HKPU49-3001/2020,HongKong/HKPU28_3001/2020,HongKong/HKPU57-0702/2020,HongKong/HKPU63-1402/2020,HongKong/HKPU60-0802/2020,HongKong/HKPU66-2501/2020,HongKong/HKPU6_2101/2020
Le Quynh Mai et al	5	unknown	unknown	unknown	Vietnam/CM99/2020,Vietnam/38142/2020,Vietnam/39607/2020,Vietnam/CM295/2020,Vietnam/CM296/2020
Ung Thi Hong Trang et al	1	unknown	unknown	unknown	Vietnam/VR03-38142/2020
Kang et al	7	unknown	unknown	unknown	SouthKorea/KUMC01/2020,SouthKorea/KUMC06/2020,SouthKorea/KUMC04/2020,SouthKorea/KUMC05/2020,SouthKorea/KUMC03/2020,SouthKorea/KUMC02/2020,Guangdong/20SF201/2020
Moreno et al	5	unknown	unknown	unknown	USA/WI-88/2020,USA/WI-96/2020,USA/WI-86/2020,USA/WI-99/2020,USA/WI-104/2020
Lu et al	5	unknown	unknown	unknown	Guangdong/2020XN4243-P0035/2020,Guangdong/GD2020115-P0009/2020,Guangdong/GD2020134-P0031/2020,Guangdong/GDSZ202008-P0020/2020,Guangdong/GDFS2020054-P0005/2020
Anderson et al	21	unknown	unknown	unknown	Singapore/4/2020,Singapore/12/2020,Singapore/13/2020,Singapore/14/2020,Singapore/23/2020,Singapore/30/2020,Singapore/22/2020,Singapore/5/2020,Singapore/27/2020,Singapore/3/2020,Singapore/2/2020,Singapore/6/2020,Singapore/25/2020,Singapore/29/2020,Singapore/26/2020,Singapore/24/2020,Singapore/28/2020,Singapore/34/2020,Singapore/33/2020,Singapore/32/2020,Singapore/31/2020
Placide Mbala-Kingebeni et al	20	unknown	unknown	unknown	DRC/300/2020,DRC/158/2020,DRC/KN-0059/2020,DRC/253/2020,DRC/521/2020,DRC/241/2020,DRC/KN-0017/2020,DRC/KN-0060/2020,DRC/243/2020,DRC/254/2020,DRC/KN-13/2020,DRC/81/2020,DRC/KN-0054/2020,DRC/KN-0043/2020,DRC/73/2020,DRC/80/2020,DRC/KN-0072/2020,DRC/KN-0070/2020,DRC/248/2020,DRC/82/2020
Dia et al	21	unknown	unknown	unknown	Senegal/618/2020,Senegal/620/2020,Senegal/136/2020,Senegal/306/2020,Senegal/382/2020,Senegal/611/2020,Senegal/370/2020,Senegal/640/2020,Senegal/026/2020,Senegal/003/2020,Senegal/020/2020,Senegal/016/2020,Senegal/119/2020,Senegal/094/2020,Senegal/082/2020,Senegal/073/2020,Senegal/087/2020,Senegal/102/2020,Senegal/600/2020,Senegal/315/2020,Senegal/139/2020
Ngoi et al	14	unknown	unknown	unknown	Ghana/3176_S11/2020,Ghana/2828_S6/2020,Ghana/1651_S3/2020,Ghana/2850_S15/2020,Ghana/3177_S12/2020,Ghana/2230_S4/2020,Ghana/2333_S5/2020,Ghana/2914_S8/2020,Ghana/1565_S13/2020,Ghana/2944_S9/2020,Ghana/2986_S10/2020,Ghana/1622_S2/2020,Ghana/2853_S7/2020,Ghana/1659_S14/2020
Batty et al	5	unknown	unknown	unknown	Thailand/Bangkok-CONI-0019/2020,Thailand/Bangkok-CONI-0017/2020,Thailand/Bangkok-CONI-0022/2020,Thailand/Bangkok-CONI-0021/2020,Thailand/Bangkok-CONI-0020/2020
Yang et al	7	unknown	unknown	unknown	Taiwan/3/2020,Taiwan/2/2020,Taiwan/4/2020,Taiwan/144/2020,Taiwan/128/2020,Taiwan/225/2020,Taiwan/125/2020
Gisela Barrera Badillo et al	1	unknown	unknown	unknown	Mexico/Queretaro-InDRE_04/2020
Guiomar et al et al	16	unknown	unknown	unknown	Portugal/PT0063/2020,Portugal/PT0054/2020,Portugal/PT0058/2020,Portugal/PT0019/2020,Portugal/PT0010/2020,Portugal/PT0007/2020,Portugal/PT0028/2020,Portugal/PT0016/2020,Portugal/PT0051/2020,Portugal/PT0093/2020,Portugal/PT0070/2020,Portugal/PT0073/2020,Portugal/PT0091/2020,Portugal/PT0021/2020,Portugal/PT0011/2020,Portugal/PT0004/2020
Castillo et al	4	unknown	unknown	unknown	Chile/Talca-1/2020,Chile/Talca-2/2020,Chile/Santiago-1/2020,Chile/Santiago-2/2020
Marcela Mercado-Reyes et al	2	unknown	unknown	unknown	Colombia/Antioquia79256/2020,Colombia/Bogota78390/2020
Adams et al	23	unknown	unknown	unknown	Germany/NRW-39/2020,Germany/NRW-31/2020,Germany/NRW-10/2020,Germany/NRW-09/2020,Germany/NRW-04/2020,Germany/NRW-07/2020,Germany/NRW-01/2020,Germany/NRW-08/2020,Germany/NRW-06/2020,Germany/NRW-05/2020,Germany/NRW-03/2020,Germany/NRW-02-1/2020,Germany/NRW-16/2020,Germany/NRW-14/2020,Germany/NRW-17/2020,Germany/NRW-45/2020,Germany/NRW-55/2020,Germany/NRW-011/2020,Germany/NRW-19/2020,Germany/NRW-41/2020,Germany/NRW-32/2020,Germany/NRW-54/2020,Germany/NRW-51/2020
Irma Lopez Martinez et al	1	unknown	unknown	unknown	Mexico/EdoMex-InDRE_03/2020
Vanmechelen et al	4	unknown	unknown	unknown	Belgium/GHB-03021/2020,Belgium/CG-030158/2020,Belgium/BA-02291/2020,Belgium/VDLH-030548/2020
Yeh et al	11	unknown	unknown	unknown	Taiwan/NTU01/2020,Taiwan/NTU06/2020,Taiwan/NTU02/2020,Taiwan/NTU14/2020,Taiwan/NTU03/2020,Taiwan/NTU08/2020,Taiwan/NTU09/2020,Taiwan/NTU15/2020,Taiwan/NTU16/2020,Taiwan/NTU19/2020,Taiwan/NTU21/2020
Dahdouh et al	2	unknown	unknown	unknown	Spain/Madrid_R10_33/2020,Spain/Madrid_LP14_3/2020
Murtskhvaladze et al	4	unknown	unknown	unknown	Georgia/Tb-390/2020,Georgia/Tb-1523/2020,Georgia/Tb-673/2020,Georgia/Tb-273/2020
Nascimento et al	1	unknown	unknown	unknown	Brazil/AMBR-02/2020
Albert et al	21	unknown	unknown	unknown	France/GE1583/2020,France/IDF0373/2020,France/IDF0372/2020,France/IDF0515/2020,France/IDF0626/2020,France/IDF2792/2020,France/N1620/2020,France/B1623/2020,France/HF1684/2020,France/IDF1980/2020,France/HF1465/2020,France/PL1643/2020,France/B2330/2020,Algeria/G0860_2262/2020,Algeria/G0638_2264/2020,Algeria/G0640_2265/2020,France/HF1645/2020,France/B2346/2020,France/GE1973/2020,France/IDF2849/2020,France/IDF3230/2020
Anke Wienecke-Baldacchino et al	21	unknown	unknown	unknown	Luxembourg/LNS3307371/2020,Luxembourg/LNS0641910/2020,Luxembourg/LNS0945359/2020,Luxembourg/LNS1870254/2020,Luxembourg/LNS3694003/2020,Luxembourg/LNS7866283/2020,Luxembourg/LNS0366116/2020,Luxembourg/LNS9862689/2020,Luxembourg/LNS5032431/2020,Luxembourg/LNS3711853/2020,Luxembourg/LNS6689955/2020,Luxembourg/LNS3052946/2020,Luxembourg/LNS1644489/2020,Luxembourg/LNS2151006/2020,Luxembourg/LNS4845603/2020,Luxembourg/LNS1874423/2020,Luxembourg/LNS0000001/2020,Luxembourg/LNS0272441/2020,Luxembourg/LNS1918658/2020,Luxembourg/LNS0716877/2020,Luxembourg/LNS2334563/2020
Griselda De Marco et al	1	unknown	unknown	unknown	Spain/Valencia6/2020
Giuseppe D'Auria et al	2	unknown	unknown	unknown	Spain/Valencia23/2020,Spain/Valencia8/2020
Navarro et al	2	unknown	unknown	unknown	Spain/Valencia54/2020,Spain/Valencia55/2020
Maria Alma Bracho et al	3	unknown	unknown	unknown	Spain/Valencia4/2020,Spain/Valencia89/2020,Spain/Valencia37/2020
Medina et al	3	unknown	unknown	unknown	Chile/Santiago_op3d1/2020,Chile/Santiago_op2d1/2020,Chile/Santiago_op4d1/2020
Lidia Ruiz Roldan et al	1	unknown	unknown	unknown	Spain/Valencia27/2020
Carbo et al	1	unknown	unknown	unknown	Spain/Valencia62/2020
Inma Galan Vendrell et al	1	unknown	unknown	unknown	Spain/Valencia61/2020
Bas Oude Munnink et al	34	unknown	unknown	unknown	Netherlands/NoordBrabant_76/2020,Netherlands/Limburg_9/2020,Netherlands/NA_42/2020,Netherlands/NA_297/2020,Netherlands/NA_318/2020,Netherlands/NA_295/2020,Netherlands/NA_294/2020,Netherlands/NA_298/2020,Netherlands/NA_166/2020,Netherlands/NA_313/2020,Netherlands/NA_133/2020,Netherlands/NoordBrabant_80/2020,Netherlands/NA_299/2020,Netherlands/NA_310/2020,Netherlands/Utrecht_21/2020,Netherlands/NA_309/2020,Netherlands/Friesland_2/2020,Netherlands/NA_130/2020,Netherlands/NA_36/2020,Netherlands/NA_312/2020,Netherlands/NA_291/2020,Netherlands/NA_300/2020,Netherlands/NA_315/2020,Netherlands/NA_317/2020,Netherlands/NA_293/2020,Netherlands/NA_314/2020,Netherlands/NA_308/2020,Netherlands/ZuidHolland_66/2020,Netherlands/NA_200/2020,Netherlands/NA_296/2020,Netherlands/NA_224/2020,Netherlands/ZuidHolland_55/2020,Netherlands/ZuidHolland_100/2020,Netherlands/NA_303/2020
Neris Garcia-Gonzalez et al	4	unknown	unknown	unknown	Spain/Valencia60/2020,Spain/Valencia31/2020,Spain/Valencia7/2020,Spain/Valencia25/2020
Beamud et al	1	unknown	unknown	unknown	Spain/Valencia57/2020
Bampali et al	3	unknown	unknown	unknown	Greece/16/2020,Greece/12/2020,Greece/10/2020
Romero et al	11	unknown	unknown	unknown	Brazil/RJ0113/2020,Brazil/MG0102/2020,Brazil/GO0106/2020,Brazil/MG0108/2020,Brazil/RJ0118/2020,Brazil/MG0101/2020,Brazil/MG0112/2020,Brazil/SP0105/2020,Brazil/RS0107/2020,Brazil/SP0104/2020,Brazil/RJ0116/2020
Maria Dolores Ocete et al	2	unknown	unknown	unknown	Spain/Valencia5/2020,Spain/Valencia38/2020
Marta Pla Diaz et al	1	unknown	unknown	unknown	Spain/Valencia93/2020
Mariana Reyes-Prieto et al	1	unknown	unknown	unknown	Spain/Valencia35/2020
Paula Ruiz-Hueso et al	1	unknown	unknown	unknown	Spain/Valencia34/2020
Loreto Ferrus Abad et al	1	unknown	unknown	unknown	Spain/Valencia32/2020
Vicente Soriano Chirona et al	1	unknown	unknown	unknown	Spain/Valencia36/2020
Gimeno et al	1	unknown	unknown	unknown	Spain/Valencia39/2020
Bengner et al	1	unknown	unknown	unknown	Sweden/01/2020
Alan K.L. Tsang et al	1	unknown	unknown	unknown	HongKong/VB20017970/2020
Terrier et al	1	unknown	unknown	unknown	France/IDF0386-islP1/2020
Octavia et al	5	unknown	unknown	unknown	Singapore/7/2020,Singapore/8/2020,Singapore/9/2020,Singapore/10/2020,Singapore/11/2020
Joan Marti-Carreras et al	11	unknown	unknown	unknown	Belgium/BJ-0325181/2020,Belgium/VHV-0324118/2020,Belgium/VRJM-0323114/2020,Belgium/PC-0325147/2020,Belgium/MAC-0324142/2020,Belgium/NL-030447/2020,Belgium/DNS-0324176/2020,Belgium/NMA-0324169/2020,Belgium/NIM-0324161/2020,Belgium/DLDJ-030569/2020,Belgium/DCB-0324163/2020
Maria Aguero-Rosenfeld et al	14	unknown	unknown	unknown	USA/NY-NYUMC23/2020,USA/NY-NYUMC90/2020,USA/NY-NYUMC126/2020,USA/NY-NYUMC140/2020,USA/NY-NYUMC159/2020,USA/NY-NYUMC156/2020,USA/NY-NYUMC133/2020,USA/NY-NYUMC131/2020,USA/NY-NYUMC145/2020,USA/NY-NYUMC143/2020,USA/NY-NYUMC152/2020,USA/NY-NYUMC125/2020,USA/NY-NYUMC153/2020,USA/NY-NYUMC160/2020
Gudbjartsson et al	21	unknown	unknown	unknown	Iceland/38/2020,Iceland/332/2020,Iceland/329/2020,Iceland/13/2020,Iceland/516/2020,Iceland/464/2020,Iceland/37/2020,Iceland/22/2020,Iceland/210/2020,Iceland/78/2020,Iceland/570/2020,Iceland/239/2020,Iceland/471/2020,Iceland/547/2020,Iceland/366/2020,Iceland/207/2020,Iceland/601/2020,Iceland/597/2020,Iceland/59/2020,Iceland/234/2020,Iceland/214/2020
Claudio Tavares Sacchi et al	12	unknown	unknown	unknown	Brazil/SPBR-10/2020,Brazil/SPBR-11/2020,Brazil/SPBR-14/2020,Brazil/SPBR-12/2020,Brazil/SPBR-08/2020,Brazil/SPBR-13/2020,Brazil/SPBR-07/2020,Brazil/SPBR-04/2020,Brazil/SPBR-03/2020,Brazil/SPBR-05/2020,Brazil/SPBR-09/2020,Brazil/SPBR-06/2020
Schmutz et al	5	unknown	unknown	unknown	Switzerland/1000477102/2020,Switzerland/1000477377/2020,Switzerland/1000477797/2020,Switzerland/1000477806/2020,Switzerland/1000477796/2020
Giandhari et al	5	unknown	unknown	unknown	SouthAfrica/KRISP_0002/2020,SouthAfrica/KRISP_0006/2020,SouthAfrica/KRISP_0012/2020,SouthAfrica/KRISP_0007/2020,SouthAfrica/KRISP_0011/2020
Durkin et al	23	unknown	unknown	unknown	Belgium/ULG-10080/2020,Belgium/ULG-10052/2020,Belgium/ULG-10089/2020,Belgium/ULG-10088/2020,Belgium/ULG-10095/2020,Belgium/ULG-6743/2020,Belgium/ULG-7626/2020,Belgium/ULG-10044/2020,Belgium/ULG-10061/2020,Belgium/ULG-10050/2020,Belgium/ULG-10067/2020,Belgium/ULG-10082/2020,Belgium/ULG-10066/2020,Belgium/ULG-10057/2020,Belgium/ULG-10093/2020,Belgium/ULG-10072/2020,Belgium/ULG-10054/2020,Belgium/ULG-10085/2020,Belgium/ULG-10084/2020,Belgium/ULG-10071/2020,Belgium/ULG-10063/2020,Belgium/ULG-10074/2020,Belgium/ULG-10055/2020
Jaqueline Goes de Jesus et al	2	unknown	unknown	unknown	Brazil/SPBR-02/2020,Brazil/SPBR-01/2020
Carr et al	11	unknown	unknown	unknown	Ireland/24042/2020,Ireland/22901/2020,Ireland/Dublin-22361/2020,Ireland/21023/2020,Ireland/21145/2020,Ireland/Dublin-19072/2020,Ireland/Dublin-22428/2020,Ireland/24052/2020,Ireland/Limerick-19935/2020,Ireland/Limerick-19933/2020,Ireland/Limerick-19934/2020
Popa et al	21	unknown	unknown	unknown	Austria/CeMM0005/2020,Austria/CeMM0004/2020,Austria/CeMM0001/2020,Austria/CeMM0009/2020,Austria/CeMM0002/2020,Austria/CeMM0003/2020,Austria/CeMM0010/2020,Austria/CeMM0019/2020,Austria/CeMM0018/2020,Austria/CeMM0014/2020,Austria/CeMM0007/2020,Austria/CeMM0013/2020,Austria/CeMM0012/2020,Austria/CeMM0017/2020,Austria/CeMM0021/2020,Austria/CeMM0016/2020,Austria/CeMM0008/2020,Austria/CeMM0006/2020,Austria/CeMM0020/2020,Austria/CeMM0011/2020,Austria/CeMM0015/2020
Kathrine Stene-Johansen et al	27	unknown	unknown	unknown	Norway/2052/2020,Norway/1379/2020,Norway/1538/2020,Norway/1494/2020,Norway/1455/2020,Norway/1443/2020,Norway/1694/2020,Norway/1493/2020,Norway/1380/2020,Norway/2087/2020,Norway/1867/2020,Norway/2093/2020,Norway/2090/2020,Norway/2114/2020,Norway/1781/2020,Norway/2084/2020,Norway/1917/2020,Norway/1951/2020,Norway/1989/2020,Norway/2065/2020,Norway/1811/2020,Norway/1953/2020,Norway/1772/2020,Norway/1495/2020,Norway/1955/2020,Norway/2088/2020,Norway/1526/2020
M.E. Quinones-Mateu et al	2	unknown	unknown	unknown	NewZealand/CoV002/2020,NewZealand/CoV001/2020
Tomaz Mark Zorec et al	1	unknown	unknown	unknown	Slovenia/808/2020
Iglesias-Caballero et al	3	unknown	unknown	unknown	Spain/Andalucia201272/2020,Spain/CastillayLeon201061/2020,Spain/Madrid201105/2020
Roychoudhury et al	5	unknown	unknown	unknown	USA/WA3-UW1/2020,USA/CT-UW238/2020,USA/UN-UW-1407/2020,USA/WA-UW186/2020,USA/WA-UW-2009/2020
Smura et al	22	unknown	unknown	unknown	Finland/FIN01032020/2020,Finland/FIN-274/2020,Finland/FIN03032020B/2020,Finland/14M20/2020,Finland/1/2020,Finland/14M74/2020,Finland/FIN-25/2020,Finland/FIN03032020C/2020,Finland/FIN-313/2020,Finland/FIN-318/2020,Finland/FIN-508/2020,Finland/13M33/2020,Finland/14M12/2020,Finland/14M16/2020,Finland/14M26/2020,Finland/13M65/2020,Finland/13M58/2020,Finland/13M64/2020,Finland/13M60/2020,Finland/13M82/2020,Finland/13M26/2020,Finland/13M57/2020
Moore et al	5	unknown	unknown	unknown	Wales/PHWC-244FB/2020,Wales/PHWC-25418/2020,Wales/PHWC-2516C/2020,Wales/PHWC-25454/2020,Wales/PHW1/2020
Ge et al	1	unknown	unknown	unknown	Fuyang/FY002/2020
Stefanelli et al	2	unknown	unknown	unknown	Italy/SPL1/2020,Italy/CDG1/2020
Capobianchi et al	1	unknown	unknown	unknown	Italy/INMI1-cs/2020
Kotaria et al	5	unknown	unknown	unknown	Georgia/Tb-468/2020,Georgia/Tb-54/2020,Georgia/Tb-82/2020,Georgia/Tb-1352/2020,Georgia/Tb-477/2020
Machablishvili et al	1	unknown	unknown	unknown	Georgia/Tb-537/2020
Resende et al	3	unknown	unknown	unknown	Brazil/ES-225/2020,Brazil/BA-312/2020,Brazil/RJ-314/2020
Costa et al	2	unknown	unknown	unknown	Portugal/IGC00009/2020,Portugal/IGC00010/2020
Zhang et al	4	unknown	unknown	unknown	Wuhan-Hu-1/2019,USA/WI1/2020,Zhejiang/WZ-02/2020,USA/CA6/2020
Sah et al	1	unknown	unknown	unknown	Nepal/61/2020
Pilailuk et al	2	unknown	unknown	unknown	Nonthaburi/61/2020,Nonthaburi/74/2020
Silamikelis et al	9	unknown	unknown	unknown	Latvia/0002/2020,Latvia/0004/2020,Latvia/0003/2020,Latvia/0007/2020,Latvia/0006/2020,Latvia/0005/2020,Latvia/0009/2020,Latvia/0001/2020,Latvia/0008/2020
Meumann et al	4	unknown	unknown	unknown	Australia/NT02/2020,Australia/NT01/2020,Australia/NT05/2020,Australia/NT04/2020
Hishiki et al	4	unknown	unknown	unknown	Japan/Hu_DP_Kng_19-031/2020,Japan/Hu_DP_Kng_19-027/2020,Japan/Hu_DP_Kng_19-020/2020,Japan/Hu_Kng_19-437/2020
Alghoribi et al	1	unknown	unknown	unknown	SaudiArabia/KAIMRC-Alghoribi/2020
Yoong Min CHONG et al	2	unknown	unknown	unknown	Malaysia/188407/2020,Malaysia/189332/2020
Inbar Cohen-Gihon et al	2	unknown	unknown	unknown	Israel/ISR_JP0320/2020,Israel/ISR_IT0320/2020
Javed et al	1	unknown	unknown	unknown	Pakistan/Gilgit1/2020
Zeinali et al	1	unknown	unknown	unknown	Iran/HGRC-01-IPI-8206/2020
Yadav et al	13	unknown	unknown	unknown	India/1125/2020,India/1111/2020,India/1652/2020,India/1617/2020,India/1063/2020,India/1073/2020,India/1093/2020,India/1100/2020,India/1115/2020,India/c31/2020,India/3118/2020,India/3239/2020,India/1135/2020
Harrigan et al	9	unknown	unknown	unknown	Canada/BC_13297/2020,Canada/BC_17397/2020,Canada/BC_69243/2020,Canada/BC_37_0-2/2020,Canada/BC_6489864/2020,Canada/BC_5275718/2020,Canada/BC_6004567/2020,Canada/BC_5306970/2020,Canada/BC_6129127/2020
Shaikh Terkis Islam Pavel et al	1	unknown	unknown	unknown	Turkey/ERAGEM-001/2020
Patel et al	1	unknown	unknown	unknown	USA/NY1-PV08001/2020
Fahd Al-Mulla et al	8	unknown	unknown	unknown	Kuwait/KU17/2020,Kuwait/KU09/2020,Kuwait/KU18/2020,Kuwait/KU12/2020,Kuwait/KU001/2020,Kuwait/KU008/2020,Kuwait/KU006/2020,Kuwait/KU005/2020
Cao et al	1	unknown	unknown	unknown	Vietnam/19-01S/2020
Nguyen et al	1	unknown	unknown	unknown	Vietnam/19-02S/2020
Karlsson et al	1	unknown	unknown	unknown	Cambodia/0012/2020
Yao et al	2	unknown	unknown	unknown	Hangzhou/ZJU-05/2020,Hangzhou/ZJU-04/2020
Milewska et al	1	unknown	unknown	unknown	Poland/PL_P1/2020
McHugh et al	3	unknown	unknown	unknown	Scotland/EDB097/2020,Scotland/EDB561/2020,Scotland/EDB057/2020
Muenchhoff et al	7	unknown	unknown	unknown	Germany/BAV-V2011463/2020,Germany/BAV-V2010492/2020,Germany/BAV-V2010837/2020,Germany/BAV-V2010486/2020,Germany/BAV-V2012620/2020,Germany/BAV-V2012856/2020,Germany/BAV-V2010840/2020
Sheng et al	1	unknown	unknown	unknown	Chongqing/ZX01/2020
Zhao et al	1	unknown	unknown	unknown	Jiangsu/JS03/2020
Marquez et al	1	unknown	unknown	unknown	Ecuador/HEE-01/2020
Nieuwenhuijse et al	15	unknown	unknown	unknown	Netherlands/Oss_1363500/2020,Netherlands/Tilburg_1363354/2020,Netherlands/Loon_op_zand_1363512/2020,Netherlands/Delft_1363424/2020,Netherlands/Diemen_1363454/2020,Netherlands/Helmond_1363548/2020,Netherlands/Berlicum_1363564/2020,Netherlands/Rotterdam_1364740/2020,Netherlands/NoordHolland_1/2020,Netherlands/Gelderland_1/2020,Netherlands/ZuidHolland_25/2020,Netherlands/NoordBrabant_45/2020,Netherlands/Gelderland_3/2020,NetherlandsL/Houten_1363498/2020,Luxembourg/Lux1/2020
Slavikova et al	4	unknown	unknown	unknown	Slovakia/SK-BMC6/2020,Slovakia/SK-BMC2/2020,Slovakia/SK-BMC5/2020,Slovakia/SK-BMC1/2020
Bal et al	15	unknown	unknown	unknown	France/RA739/2020,France/ARA10282/2020,France/ARA10251/2020,France/ARA12217/2020,France/ARA1284/2020,France/ARA12260/2020,France/ARA12759/2020,France/ARA09428/2020,France/ARA12632/2020,France/ARA12253/2020,France/ARA11997/2020,France/Lyon_06464/2020,France/ARA11995/2020,France/ARA10172/2020,France/ARA12485/2020
Deng et al	3	unknown	unknown	unknown	USA/CA-CDPH-UC3/2020,USA/CA-CDPH-UC4/2020,USA/CA-SCCPHD-UC14/2020
FOI Bioinformatics team et al	1	unknown	unknown	unknown	Sweden/RV-FOI-1/2020
Dempsey et al	1	unknown	unknown	unknown	Ireland/Cork2/2020
Zainab et al	1	unknown	unknown	unknown	Pakistan/Manga-KPK/2020
Corman et al	2	unknown	unknown	unknown	Germany/BavPat1/2020,Germany/Baden-Wuerttemberg-1/2020
Zehender et al	2	unknown	unknown	unknown	Italy/UniMI01/2020,Italy/UniMI03/2020
Li jian Xiong et al	1	unknown	unknown	unknown	NanChang/JX216/2020
Rasmussen et al	9	unknown	unknown	unknown	Denmark/SSI-102/2020,Denmark/SSI-01/2020,Denmark/SSI-05/2020,Denmark/SSI-04/2020,Denmark/SSI-104/2020,Denmark/SSI-101/2020,Denmark/SSI-03/2020,Denmark/SSI-09/2020,Denmark/SSI-02/2020
Hirsch et al	14	unknown	unknown	unknown	Switzerland/42176216/2020,Switzerland/42176229/2020,Switzerland/42177430/2020,Switzerland/42169171/2020,Switzerland/42202622/2020,Switzerland/42202619/2020,Switzerland/42175213/2020,Switzerland/42175220/2020,Switzerland/42169471/2020,Switzerland/42170345/2020,Switzerland/42169310/2020,Switzerland/42174724/2020,Switzerland/42177236/2020,Switzerland/42177434/2020
Munoz-Medina et al	1	unknown	unknown	unknown	Mexico/Chihuahua-IMSS_01/2020
Belen Prado-Vivar et al	1	unknown	unknown	unknown	Ecuador/HGSQ-USFQ-018/2020
Plumb et al	3	unknown	unknown	unknown	USA/MN68-MDH68/2020,USA/MN35-MDH35/2020,USA/MN48-MDH48/2020
Carlos Padilla Rojas et al	1	unknown	unknown	unknown	Peru/010/2020
LAUBSCHER Florian et al. et al	6	unknown	unknown	unknown	Switzerland/VD5615/2020,Switzerland/GE3895/2020,Switzerland/GE9586/2020,Switzerland/BL0902/2020,Switzerland/GE3121/2020,Switzerland/GE5373/2020
Oluniyi et al	1	unknown	unknown	unknown	Nigeria/Lagos01/2020
Laubscher et al	13	unknown	unknown	unknown	Switzerland/SZ1417/2020,Switzerland/GR3043/2020,Switzerland/TI2045/2020,Switzerland/GE1422/2020,Switzerland/GE1402/2020,Switzerland/AG7120/2020,Switzerland/GE8102/2020,Switzerland/BE6651/2020,Switzerland/BS0914/2020,Switzerland/GE0199/2020,Switzerland/GE4984/2020,Switzerland/GE6679/2020,Switzerland/GE06207/2020
Shchetinin et al	1	unknown	unknown	unknown	Russia/Moscow_PMVL-1/2020
Meredith et al	3	unknown	unknown	unknown	England/CAMB-77031/2020,England/CAMB-73A28/2020,England/CAMB-7381F/2020
Seemann et al	3	unknown	unknown	unknown	Australia/VIC128/2020,Australia/VIC134/2020,Australia/VIC136/2020
Pragya Yadav. Savita Patil et al	7	unknown	unknown	unknown	India/c32/2020,India/772/2020,India/763/2020,India/770/2020,India/781/2020,India/773/2020,India/777/2020
Timms et al	1	unknown	unknown	unknown	Australia/NSW50/2020
Urban et al	3	unknown	unknown	unknown	Hungary/49/2020,Hungary/2/2020,Hungary/mbl1/2020
Joan Marti-Carerras et al	3	unknown	unknown	unknown	Belgium/MMJ-03034/2020,Belgium/SQ-03043/2020,Belgium/DHWM-03041/2020
Wawina et al	1	unknown	unknown	unknown	Belgium/JL-03044/2020
Guiomar et al	2	unknown	unknown	unknown	Portugal/CV62/2020,Portugal/CV63/2020
Arevalo et al	1	unknown	unknown	unknown	USA/CZB-RR057-007/2020
Tu et al	1	unknown	unknown	unknown	USA/OSUP0109/2020
Baumeister et al	3	unknown	unknown	unknown	Argentina/C121/2020,Argentina/C1374/2020,Argentina/C3013/2020
Ernesto et al	1	unknown	unknown	unknown	Mexico/CDMX-InDRE_01/2020
Cesare M. Gruber et al	1	unknown	unknown	unknown	Italy/INMI4/2020
Ana da Silva Filipe et al	3	unknown	unknown	unknown	Scotland/CVR17/2020,Scotland/CVR63/2020,Scotland/CVR97/2020
Lorusso et al	11	unknown	unknown	unknown	Italy/TE4880/2020,Italy/TE4953/2020,Italy/TE5780/2020,Italy/TE5056/2020,Italy/TE5476/2020,Italy/6193/2020,Italy/TE6195/2020,Italy/TE6222/2020,Italy/TE6225/2020,Italy/TE4925/2020,Italy/TE5166/2020
Milani et al	2	unknown	unknown	unknown	Italy/VR_20COV21-26/2020,Italy/VR_20COV21-37/2020
Chanturia et al	2	unknown	unknown	unknown	Georgia/Tb-1679/2020,Georgia/Tb-712/2020
Komissarov et al	3	unknown	unknown	unknown	Russia/StPetersburg-3524/2020,Russia/StPetersburg-RII3997/2020,Russia/StPetersburg-RII3992/2020
Albarrag et al	2	unknown	unknown	unknown	SaudiArabia/SCDC-3324/2020,SaudiArabia/SCDC-3321/2020
Division of Consolidated Laboratory Services et al	1	unknown	unknown	unknown	USA/VA-DCLS-0008/2020
Majer et al	1	unknown	unknown	unknown	Canada/SK_4/2020
Nagy et al	2	unknown	unknown	unknown	CzechRepublic/2741/2020,CzechRepublic/951/2020
Black et al	1	unknown	unknown	unknown	USA/NY-NYUMC11/2020
Craig Richmond & Paraic Kenny et al	1	unknown	unknown	unknown	USA/WI-GMF-00557/2020
Bailey et al	1	unknown	unknown	unknown	USA/NC_200173/2020
Sikazwe et al	1	unknown	unknown	unknown	Australia/WA11/202
Allam et al	1	unknown	unknown	unknown	SouthAfrica/R03006-20/2020
Fabiola Garces Ayala et al	1	unknown	unknown	unknown	Mexico/Puebla-InDRE_05/2020
Franco et al	1	unknown	unknown	unknown	Panama/328677/2020
Lalle et al	1	unknown	unknown	unknown	Italy/INMI10/2020
Licastro et al	4	unknown	unknown	unknown	Italy/FVG-ICGEB_S5/2020,Italy/FVG-ICGEB_S1/2020,Italy/FVG-ICGEB_S8/2020,Italy/FVG-ICGEB_S9/2020
Zakotnik et al	2	unknown	unknown	unknown	Slovenia/12304/2020,Slovenia/4584/2020
Young et al	1	unknown	unknown	unknown	USA/UT-00008/2020
Rueca et al	1	unknown	unknown	unknown	Italy/INMI3/2020
Kotorashvili et al	1	unknown	unknown	unknown	Georgia/Tb/2020
Imai et al	2	unknown	unknown	unknown	Japan/SMU-0311S3/2020,Japan/SMU-0311S2/2020
Bartolini et al	1	unknown	unknown	unknown	Italy/INMI6/2020
Laubscher  et al	2	unknown	unknown	unknown	Switzerland/BE2536/2020,Switzerland/GE4135/2020