Author	n (strains)	publication title	journal	publication URL	strains
Chen et al	5	unknown	unknown	unknown	Wuhan/WH01/2019,HongKong/CUHK1/2020,Wuhan/WHU02/2020,Wuhan/WHU01/2020,Wuhan/WH03/2020
Zhou et al	5	unknown	unknown	unknown	Wuhan/WIV07/2019,Wuhan/WIV05/2019,Wuhan/WIV02/2019,Wuhan/WIV04/2019,Wuhan/WIV06/2019
Ren et al	4	unknown	unknown	unknown	Wuhan/IPBCAMS-WH-01/2019,Wuhan/IPBCAMS-WH-03/2019,Wuhan/IPBCAMS-WH-02/2019,Wuhan/IPBCAMS-WH-04/2019
Tan et al	2	unknown	unknown	unknown	Wuhan/IVDC-HB-05/2019,Wuhan/IVDC-HB-01/2019
Kim et al	16	unknown	unknown	unknown	SouthKorea/KCDC24/2020,Korea/KCDC2002/2020,SouthKorea/KCDC05/2020,SouthKorea/KCDC07/2020,Korea/KCDC2006/2020,Korea/KCDC2008/2020,Korea/KCDC2009/2020,Korea/KCDC2011/2020,Korea/KCDC2010/2020,SouthKorea/KCDC03/2020,SouthKorea/KCDC06/2020,Korea/KCDC2001/2020,Korea/KCDC2007/2020,SouthKorea/KCDC12/2020,Korea/KCDC2005/2020,Korea/KCDC2004/2020
Potdar et al	2	unknown	unknown	unknown	India/1-31/2020,India/1-27/2020
Galiano et al	42	unknown	unknown	unknown	England/01/2020,England/02/2020,England/20144003804/2020,England/20102000106/2020,England/200990006/2020,England/09c/2020,England/20102088002/2020,England/200940527/2020,England/200990725/2020,England/200990724/2020,England/20100001406/2020,England/20148006904/2020,England/20142130404/2020,England/20132032904/2020,England/20132106104/2020,England/20122119302/2020,England/200690306/2020,England/200690756/2020,England/200641094/2020,England/20146001704/2020,England/20132079304/2020,England/20146049204/2020,England/20148041104/2020,England/200690245/2020,England/200690300/2020,England/20146005804/2020,England/200990723/2020,England/20146069704/2020,England/20146069604/2020,England/20109050406/2020,England/20148006604/2020,England/20099038206/2020,England/20130071804/2020,England/20148043704/2020,England/20146025304/2020,England/20100004806/2020,England/200990660/2020,England/20146004804/2020,England/20146004904/2020,England/20148065004/2020,England/20144074604/2020,England/20144074404/2020
Li et al	16	unknown	unknown	unknown	USA/IL2/2020,Hangzhou/HZCDC6789/2020,Shangrao/JX1215/2020,Shangrao/JX1178/2020,Hangzhou/HZCDC0049L/2020,Hangzhou/HZCDC0091L/2020,Hangzhou/HZCDC0090L/2020,Hangzhou/HZCDC0048/2020,Hangzhou/HZCDC0048L/2020,Hangzhou/HZCDC0119/2020,Hangzhou/HZCDC0135/2020,Hangzhou/HZCDC0001/2020,Hangzhou/HZCDC6706/2020,USA/PA_1881/2020,USA/PA_2317/2020,USA/NH_0033/2020
Uehara et al	5	unknown	unknown	unknown	USA/CA1/2020,USA/CA2/2020,USA/TX_2020/2020,USA/FL_5091/2020,USA/FL_5125/2020
Dominic N.C. Tsang et al	7	unknown	unknown	unknown	HongKong/VM20001061/2020,HongKong/VM20002493/2020,HongKong/VM20002582/2020,HongKong/VB20024950/2020,HongKong/VM20002507/2020,HongKong/VB20026565/2020,HongKong/VM20002849/2020
Wang et al	14	unknown	unknown	unknown	HongKong/XM-PII-S4/2020,Shanghai/SH0117/2020,Shanghai/SH0002/2020,Shanghai/SH0003/2020,Shanghai/SH0054/2020,Shanghai/SH0121/2020,Shanghai/SH0073/2020,Shanghai/SH0028/2020,Shanghai/SH0044/2020,Shanghai/SH0102/2020,Shanghai/SH0101/2020,Shanghai/SH0077/2020,Shanghai/SH0119/2020,Shanghai/SH0027/2020
Kenneth Siu-Sing LEUNG et al	20	unknown	unknown	unknown	HongKong/HKPU1_2101/2020,HongKong/HKPU2_1801/2020,HongKong/HKPU6_2101/2020,HongKong/HKPU42-0302/2020,HongKong/HKPU48-0202/2020,HongKong/HKPU53-0802/2020,HongKong/HKPU102_2802/2020,HongKong/HKPU74-1302/2020,HongKong/HKPU30_2901/2020,HongKong/HKPU23_2601/2020,HongKong/HKPU19_0402/2020,HongKong/HKPU12_2201/2020,HongKong/HKPU17_2201/2020,HongKong/HKPU28_3001/2020,HongKong/HKPU52-3101/2020,HongKong/HKPU49-3001/2020,HongKong/HKPU57-0702/2020,HongKong/HKPU60-0802/2020,HongKong/HKPU63-1402/2020,HongKong/HKPU66-2501/2020
Storey et al	5	unknown	unknown	unknown	NewZealand/20VR0276/2020,NewZealand/20VR0206/2020,NewZealand/01/2020,NewZealand/20VR0189/2020,NewZealand/20VR019/2020
Wellington SCL et al	1	unknown	unknown	unknown	NewZealand/20VR0275/2020
Le Quynh Mai et al	5	unknown	unknown	unknown	Vietnam/CM99/2020,Vietnam/38142/2020,Vietnam/39607/2020,Vietnam/CM295/2020,Vietnam/CM296/2020
Ung Thi Hong Trang et al	1	unknown	unknown	unknown	Vietnam/VR03-38142/2020
Kang et al	7	unknown	unknown	unknown	SouthKorea/KUMC05/2020,SouthKorea/KUMC04/2020,SouthKorea/KUMC03/2020,SouthKorea/KUMC06/2020,SouthKorea/KUMC02/2020,SouthKorea/KUMC01/2020,Guangdong/20SF201/2020
Huang et al	8	unknown	unknown	unknown	Australia/QLD02/2020,Australia/QLD03/2020,Australia/QLD01/2020,Australia/QLD04/2020,Australia/QLDID922/2020,Australia/QLDID921/2020,Australia/QLD09/2020,Australia/QLDID929/2020
Moreno et al	2	unknown	unknown	unknown	USA/WI-88/2020,USA/WI-96/2020
Caly et al	21	unknown	unknown	unknown	Australia/VIC07/2020,Australia/VIC13/2020,Australia/VIC138/2020,Australia/VIC01/2020,Australia/VIC02/2020,Australia/VIC03/2020,Australia/VIC14/2020,Australia/VIC15/2020,Australia/VIC181/2020,Australia/VIC42/2020,Australia/VIC199/2020,Australia/VIC45/2020,Australia/VIC271/2020,Australia/VIC284/2020,Australia/VIC270/2020,Australia/VIC174/2020,Australia/VIC38/2020,Australia/VIC285/2020,Australia/VIC221/2020,Australia/VIC234/2020,Australia/VIC201/2020
Lu et al	6	unknown	unknown	unknown	Guangdong/2020XN4243-P0035/2020,Guangdong/GDSZ202008-P0020/2020,Guangdong/GD2020115-P0009/2020,Guangdong/GD2020227-P0029/2020,Guangdong/GD2020134-P0031/2020,Guangdong/GDFS2020054-P0005/2020
Anderson et al	21	unknown	unknown	unknown	Singapore/4/2020,Singapore/13/2020,Singapore/12/2020,Singapore/22/2020,Singapore/30/2020,Singapore/14/2020,Singapore/23/2020,Singapore/5/2020,Singapore/3/2020,Singapore/27/2020,Singapore/2/2020,Singapore/6/2020,Singapore/25/2020,Singapore/29/2020,Singapore/26/2020,Singapore/32/2020,Singapore/28/2020,Singapore/24/2020,Singapore/34/2020,Singapore/33/2020,Singapore/31/2020
Dia et al	22	unknown	unknown	unknown	Senegal/618/2020,Senegal/620/2020,Senegal/136/2020,Senegal/306/2020,Senegal/119/2020,Senegal/094/2020,Senegal/087/2020,Senegal/082/2020,Senegal/102/2020,Senegal/073/2020,Senegal/600/2020,Senegal/315/2020,Senegal/139/2020,Senegal/382/2020,Senegal/611/2020,Senegal/370/2020,Senegal/328/2020,Senegal/640/2020,Senegal/026/2020,Senegal/003/2020,Senegal/020/2020,Senegal/016/2020
Ngoi et al	14	unknown	unknown	unknown	Ghana/3176_S11/2020,Ghana/2828_S6/2020,Ghana/1651_S3/2020,Ghana/2850_S15/2020,Ghana/3177_S12/2020,Ghana/2230_S4/2020,Ghana/1565_S13/2020,Ghana/2914_S8/2020,Ghana/2944_S9/2020,Ghana/2853_S7/2020,Ghana/1659_S14/2020,Ghana/2986_S10/2020,Ghana/1622_S2/2020,Ghana/2333_S5/2020
Queen et al	12	unknown	unknown	unknown	USA/CA7/2020,USA/WA1/2020,USA/CA8/2020,USA/CA3/2020,USA/CA4/2020,USA/TX_2039/2020,Korea/BA-ACH_2604/2020,Korea/BA-ACH_2719/2020,Korea/BA-ACH_2718/2020,USA/CA9/2020,USA/NH_0004/2020,USA/NH_0008/2020
Placide Mbala-Kingebeni et al	36	unknown	unknown	unknown	DRC/300/2020,DRC/299/2020,DRC/158/2020,DRC/KN-0059/2020,DRC/215/2020,DRC/523/2020,DRC/241/2020,DRC/431/2020,DRC/402/2020,DRC/KN-0054/2020,DRC/KN-0051/2020,DRC/73/2020,DRC/KN-0072/2020,DRC/KN-0070/2020,DRC/KN-0043/2020,DRC/80/2020,DRC/376/2020,DRC/396/2020,DRC/397/2020,DRC/214/2020,DRC/KN-0058/2020,DRC/82/2020,DRC/94/2020,DRC/253/2020,DRC/521/2020,DRC/248/2020,DRC/KN-0038/2020,DRC/236/2020,DRC/191/2020,DRC/108/2020,DRC/81/2020,DRC/KN-0017/2020,DRC/KN-13/2020,DRC/254/2020,DRC/243/2020,DRC/KN-0060/2020
Albert et al	27	unknown	unknown	unknown	France/GE1583/2020,France/IDF0372/2020,France/IDF0373/2020,France/IDF0515/2020,France/IDF0626/2020,France/N1620/2020,France/N2223/2020,France/GE1973/2020,France/HF2797/2020,France/GE2722/2020,France/IDF2684/2020,France/IDF3276/2020,France/B1623/2020,France/IDF2533/2020,France/IDF2410/2020,France/IDF2532/2020,France/HF1684/2020,France/IDF1980/2020,France/HF1465/2020,France/PL1643/2020,France/B2330/2020,Algeria/G0860_2262/2020,Algeria/G0638_2264/2020,Algeria/G0640_2265/2020,France/IDF3163/2020,France/IDF2359/2020,France/HF1645/2020
Murtskhvaladze et al	4	unknown	unknown	unknown	Georgia/Tb-390/2020,Georgia/Tb-1523/2020,Georgia/Tb-273/2020,Georgia/Tb-673/2020
Nascimento et al	1	unknown	unknown	unknown	Brazil/AMBR-02/2020
Griselda De Marco et al	1	unknown	unknown	unknown	Spain/Valencia6/2020
Maria Alma Bracho et al	3	unknown	unknown	unknown	Spain/Valencia4/2020,Spain/Valencia37/2020,Spain/Valencia89/2020
Maria Dolores Ocete et al	3	unknown	unknown	unknown	Spain/Valencia12/2020,Spain/Valencia5/2020,Spain/Valencia38/2020
Medina et al	3	unknown	unknown	unknown	Chile/Santiago_op3d1/2020,Chile/Santiago_op2d1/2020,Chile/Santiago_op4d1/2020
Mariana Reyes-Prieto et al	1	unknown	unknown	unknown	Spain/Valencia35/2020
Giuseppe D'Auria et al	2	unknown	unknown	unknown	Spain/Valencia23/2020,Spain/Valencia8/2020
Navarro et al	3	unknown	unknown	unknown	Spain/Valencia3/2020,Spain/Valencia55/2020,Spain/Valencia54/2020
Paula Ruiz-Hueso et al	1	unknown	unknown	unknown	Spain/Valencia34/2020
Guiomar et al et al	19	unknown	unknown	unknown	Portugal/PT0042/2020,Portugal/PT0035/2020,Portugal/PT0043/2020,Portugal/PT0054/2020,Portugal/PT0058/2020,Portugal/PT0019/2020,Portugal/PT0062/2020,Portugal/PT0081/2020,Portugal/PT0079/2020,Portugal/PT0051/2020,Portugal/PT0050/2020,Portugal/PT0045/2020,Portugal/PT0017/2020,Portugal/PT0086/2020,Portugal/PT0083/2020,Portugal/PT0044/2020,Portugal/PT0089/2020,Portugal/PT0067/2020,Portugal/PT0092/2020
Carbo et al	1	unknown	unknown	unknown	Spain/Valencia62/2020
Inma Galan Vendrell et al	2	unknown	unknown	unknown	Spain/Valencia61/2020,Spain/Valencia33/2020
Neris Garcia-Gonzalez et al	3	unknown	unknown	unknown	Spain/Valencia60/2020,Spain/Valencia31/2020,Spain/Valencia25/2020
Lidia Ruiz Roldan et al	1	unknown	unknown	unknown	Spain/Valencia27/2020
Loreto Ferrus Abad et al	1	unknown	unknown	unknown	Spain/Valencia32/2020
Vicente Soriano Chirona et al	1	unknown	unknown	unknown	Spain/Valencia36/2020
Gimeno et al	1	unknown	unknown	unknown	Spain/Valencia39/2020
Castillo et al	4	unknown	unknown	unknown	Chile/Santiago-1/2020,Chile/Talca-1/2020,Chile/Talca-2/2020,Chile/Santiago-2/2020
Marta Pla Diaz et al	1	unknown	unknown	unknown	Spain/Valencia93/2020
Bampali et al	3	unknown	unknown	unknown	Greece/16/2020,Greece/12/2020,Greece/10/2020
Romero et al	10	unknown	unknown	unknown	Brazil/RJ0113/2020,Brazil/MG0102/2020,Brazil/RS0107/2020,Brazil/RJ0116/2020,Brazil/SP0105/2020,Brazil/SP0104/2020,Brazil/GO0106/2020,Brazil/MG0101/2020,Brazil/MG0108/2020,Brazil/RJ0118/2020
Beamud et al	1	unknown	unknown	unknown	Spain/Valencia57/2020
Eden et al	7	unknown	unknown	unknown	Australia/NSW04/2020,Australia/NSW01/2020,Australia/NSW03/2020,Australia/NSW45/2020,Australia/NSW07/2020,Australia/NSW05/2020,Australia/NSW06/2020
Tao et al	13	unknown	unknown	unknown	USA/AZ1/2020,USA/OR_2656/2020,USA/GA_2741/2020,USA/CA5/2020,USA/IL1/2020,USA/CA_2602/2020,USA/WA_5030/2020,USA/GA_2742/2020,USA/RI_0520/2020,USA/MA_9889/2020,USA/MA_3616/2020,USA/MA_3623/2020,USA/MA_9703/2020
Sekizuka et al	24	unknown	unknown	unknown	Japan/TY-WK-501/2020,Japan/TY-WK-521/2020,Japan/TY-WK-012/2020,Japan/KY-V-029/2020,Japan/AI-I-004/2020,Japan/TK-20-31-3/2020,Japan/OS-20-07-1/2020,Japan/NA-20-05-1/2020,Japan/P5-3/2020,Japan/P4-1/2020,Japan/P5-2/2020,Japan/P4-8/2020,Japan/P4-7/2020,Japan/P4-6/2020,Japan/P4-4/2020,Japan/P4-5/2020,Japan/P4-3/2020,Japan/P5-1/2020,Japan/P4-2/2020,Japan/P3-1/2020,Japan/P3-2/2020,Japan/P2-1/2020,Japan/P2-2/2020,Japan/P1/2020
Braun et al	1	unknown	unknown	unknown	Japan/UT-NCGM02/2020
Mak et al	18	unknown	unknown	unknown	Singapore/20/2020,Singapore/12Clin/2020,Singapore/15/2020,Singapore/16/2020,Singapore/19/2020,Singapore/18/2020,Singapore/21/2020,Singapore/14Clin/2020,Singapore/17/2020,Singapore/3Clin/2020,Singapore/41/2020,Singapore/40/2020,Singapore/42/2020,Singapore/35/2020,Singapore/36/2020,Singapore/1/2020,Singapore/38/2020,Singapore/37/2020
Mohd Noor Mat Isa et al	6	unknown	unknown	unknown	Malaysia/MKAK-CL-2020-6430/2020,Malaysia/MKAK-CL-2020-5096/2020,Malaysia/MKAK-CL-2020-7554/2020,Malaysia/MKAK-CL-2020-5045/2020,Malaysia/MKAK-CL-2020-5049/2020,Malaysia/MKAK-CL-2020-5047/2020
Joel Armando Vazquez Perez et al	4	unknown	unknown	unknown	Mexico/CDMX-INER_05/2020,Mexico/CDMX-INER_04/2020,Mexico/CDMX-INER_02/2020,Mexico/CDMX-INER_01/2020
Adnan Araiza Rodriguez et al	1	unknown	unknown	unknown	Mexico/CDMX-InDRE_06/2020
Chu etl al et al	2	unknown	unknown	unknown	USA/WA-S98/2020,USA/WA-S102/2020
Batty et al	5	unknown	unknown	unknown	Thailand/Bangkok-CONI-0019/2020,Thailand/Bangkok-CONI-0017/2020,Thailand/Bangkok-CONI-0022/2020,Thailand/Bangkok-CONI-0021/2020,Thailand/Bangkok-CONI-0020/2020
Yang et al	7	unknown	unknown	unknown	Taiwan/3/2020,Taiwan/2/2020,Taiwan/4/2020,Taiwan/144/2020,Taiwan/125/2020,Taiwan/128/2020,Taiwan/170/2020
Yeh et al	11	unknown	unknown	unknown	Taiwan/NTU01/2020,Taiwan/NTU04/2020,Taiwan/NTU02/2020,Taiwan/NTU14/2020,Taiwan/NTU19/2020,Taiwan/NTU21/2020,Taiwan/NTU12/2020,Taiwan/NTU16/2020,Taiwan/NTU03/2020,Taiwan/NTU08/2020,Taiwan/NTU09/2020
Vanmechelen et al	4	unknown	unknown	unknown	Belgium/GHB-03021/2020,Belgium/CG-030158/2020,Belgium/RS-030257/2020,Belgium/BA-02291/2020
Gisela Barrera Badillo et al	1	unknown	unknown	unknown	Mexico/Queretaro-InDRE_04/2020
Irma Lopez Martinez et al	1	unknown	unknown	unknown	Mexico/EdoMex-InDRE_03/2020
Marcela Mercado-Reyes et al	2	unknown	unknown	unknown	Colombia/Antioquia79256/2020,Colombia/Bogota78390/2020
Fang et al	3	unknown	unknown	unknown	Wuhan/HBCDC-HB-02/2019,Wuhan/HBCDC-HB-01/2019,Wuhan/HBCDC-HB-03/2019
Paden et al	1	unknown	unknown	unknown	USA/MA1/2020
Boese et al	1	unknown	unknown	unknown	Canada/ON-VIDO-01/2020
Eshaghi et al	17	unknown	unknown	unknown	Canada/ON-PHL2445/2020,Canada/ON_PHL4181/2020,Canada/ON_PHL3459/2020,Canada/ON_PHL0141/2020,Canada/ON_PHL5472/2020,Canada/ON_PHL7590/2020,Canada/ON_PHL3536/2020,Canada/ON_PHL0977/2020,Canada/ON_PHL3695/2020,Canada/ON_PHL6922/2020,Canada/ON_PHL4088/2020,Canada/ON_PHL8751/2020,Canada/ON_PHL3741/2020,Canada/ON_PHL0539/2020,Canada/ON_PHL0743/2020,Canada/ON_PHL5756/2020,Canada/ON_PHL5757/2020
Shi et al	1	unknown	unknown	unknown	China/IQTC01/2020
Rockett et al	4	unknown	unknown	unknown	Australia/NSW02/2020,Australia/NSW09/2020,Australia/NSW08/2020,Australia/NSW10/2020
Alan K.L. Tsang et al	1	unknown	unknown	unknown	HongKong/VB20017970/2020
Sah et al	1	unknown	unknown	unknown	Nepal/61/2020
Zhang et al	5	unknown	unknown	unknown	Wuhan-Hu-1/2019,USA/WI1/2020,Zhejiang/WZ-02/2020,USA/CA6/2020,Shanghai/SH01/2020
Bengner et al	1	unknown	unknown	unknown	Sweden/01/2020
Terrier et al	1	unknown	unknown	unknown	France/IDF0386-islP1/2020
Octavia et al	5	unknown	unknown	unknown	Singapore/7/2020,Singapore/8/2020,Singapore/9/2020,Singapore/10/2020,Singapore/11/2020
Meumann et al	4	unknown	unknown	unknown	Australia/NT02/2020,Australia/NT01/2020,Australia/NT05/2020,Australia/NT04/2020
Hishiki et al	4	unknown	unknown	unknown	Japan/Hu_DP_Kng_19-031/2020,Japan/Hu_DP_Kng_19-027/2020,Japan/Hu_DP_Kng_19-020/2020,Japan/Hu_Kng_19-437/2020
Inbar Cohen-Gihon et al	2	unknown	unknown	unknown	Israel/ISR_JP0320/2020,Israel/ISR_IT0320/2020
Alghoribi et al	1	unknown	unknown	unknown	SaudiArabia/KAIMRC-Alghoribi/2020
Yoong Min CHONG et al	2	unknown	unknown	unknown	Malaysia/188407/2020,Malaysia/189332/2020
Gray et al	1	unknown	unknown	unknown	Australia/NSW48/2020
Giandhari et al	5	unknown	unknown	unknown	SouthAfrica/KRISP_0006/2020,SouthAfrica/KRISP_0002/2020,SouthAfrica/KRISP_0012/2020,SouthAfrica/KRISP_0007/2020,SouthAfrica/KRISP_0011/2020
Javed et al	1	unknown	unknown	unknown	Pakistan/Gilgit1/2020
Yadav et al	13	unknown	unknown	unknown	India/1125/2020,India/1111/2020,India/1644/2020,India/1652/2020,India/1063/2020,India/1100/2020,India/1115/2020,India/1621/2020,India/1616/2020,India/c31/2020,India/1135/2020,India/3239/2020,India/3118/2020
Tsao et al	12	unknown	unknown	unknown	Taiwan/CGMH-CGU-04/2020,Taiwan/CGMH-CGU-05/2020,Taiwan/CGMH-CGU-03/2020,Taiwan/CGMH-CGU-09/2020,Taiwan/CGMH-CGU-02/2020,Taiwan/CGMH-CGU-01/2020,Taiwan/CGMH-CGU-12/2020,Taiwan/CGMH-CGU-15/2020,Taiwan/CGMH-CGU-16/2020,Taiwan/CGMH-CGU-19/2020,Taiwan/CGMH-CGU-17/2020,Taiwan/CGMH-CGU-14/2020
Harrigan et al	11	unknown	unknown	unknown	Canada/BC_13297/2020,Canada/BC_17397/2020,Canada/BC_69243/2020,Canada/BC_37_0-2/2020,Canada/BC_6489864/2020,Canada/BC_9345042/2020,Canada/BC_6997898/2020,Canada/BC_7553799/2020,Canada/BC_8486790/2020,Canada/BC_9345715/2020,Canada/BC_9574898/2020
Zeinali et al	1	unknown	unknown	unknown	Iran/HGRC-01-IPI-8206/2020
Fahd Al-Mulla et al	8	unknown	unknown	unknown	Kuwait/KU17/2020,Kuwait/KU09/2020,Kuwait/KU18/2020,Kuwait/KU12/2020,Kuwait/KU001/2020,Kuwait/KU008/2020,Kuwait/KU005/2020,Kuwait/KU006/2020
Shaikh Terkis Islam Pavel et al	1	unknown	unknown	unknown	Turkey/ERAGEM-001/2020
Kotaria et al	5	unknown	unknown	unknown	Georgia/Tb-82/2020,Georgia/Tb-468/2020,Georgia/Tb-54/2020,Georgia/Tb-477/2020,Georgia/Tb-1352/2020
Popa et al	21	unknown	unknown	unknown	Austria/CeMM0004/2020,Austria/CeMM0005/2020,Austria/CeMM0009/2020,Austria/CeMM0001/2020,Austria/CeMM0002/2020,Austria/CeMM0003/2020,Austria/CeMM0010/2020,Austria/CeMM0018/2020,Austria/CeMM0019/2020,Austria/CeMM0014/2020,Austria/CeMM0015/2020,Austria/CeMM0016/2020,Austria/CeMM0008/2020,Austria/CeMM0006/2020,Austria/CeMM0020/2020,Austria/CeMM0011/2020,Austria/CeMM0007/2020,Austria/CeMM0012/2020,Austria/CeMM0013/2020,Austria/CeMM0021/2020,Austria/CeMM0017/2020
Kathrine Stene-Johansen et al	27	unknown	unknown	unknown	Norway/1380/2020,Norway/1455/2020,Norway/1494/2020,Norway/1443/2020,Norway/1694/2020,Norway/1493/2020,Norway/1538/2020,Norway/1379/2020,Norway/2052/2020,Norway/2087/2020,Norway/1867/2020,Norway/2090/2020,Norway/1526/2020,Norway/2088/2020,Norway/1811/2020,Norway/1772/2020,Norway/1495/2020,Norway/1953/2020,Norway/1955/2020,Norway/2084/2020,Norway/1781/2020,Norway/2114/2020,Norway/2113/2020,Norway/1917/2020,Norway/1989/2020,Norway/2065/2020,Norway/1951/2020
Ge et al	1	unknown	unknown	unknown	Fuyang/FY002/2020
Gudbjartsson et al	21	unknown	unknown	unknown	Iceland/13/2020,Iceland/516/2020,Iceland/253/2020,Iceland/597/2020,Iceland/207/2020,Iceland/53/2020,Iceland/209/2020,Iceland/241/2020,Iceland/282/2020,Iceland/465/2020,Iceland/440/2020,Iceland/111/2020,Iceland/250/2020,Iceland/323/2020,Iceland/596/2020,Iceland/300/2020,Iceland/159/2020,Iceland/36/2020,Iceland/158/2020,Iceland/91/2020,Iceland/380/2020
Machablishvili et al	1	unknown	unknown	unknown	Georgia/Tb-537/2020
Capobianchi et al	1	unknown	unknown	unknown	Italy/INMI1-cs/2020
Stefanelli et al	2	unknown	unknown	unknown	Italy/SPL1/2020,Italy/CDG1/2020
M.E. Quinones-Mateu et al	2	unknown	unknown	unknown	NewZealand/CoV002/2020,NewZealand/CoV001/2020
Tomaz Mark Zorec et al	1	unknown	unknown	unknown	Slovenia/808/2020
Iglesias-Caballero et al	3	unknown	unknown	unknown	Spain/Andalucia201272/2020,Spain/CastillayLeon201061/2020,Spain/Madrid201105/2020
Smura et al	22	unknown	unknown	unknown	Finland/FIN01032020/2020,Finland/FIN-274/2020,Finland/FIN03032020B/2020,Finland/14M20/2020,Finland/14M74/2020,Finland/1/2020,Finland/FIN-25/2020,Finland/13M3/2020,Finland/FIN-266/2020,Finland/14M12/2020,Finland/14M16/2020,Finland/14M26/2020,Finland/13M65/2020,Finland/13M60/2020,Finland/13M64/2020,Finland/13M58/2020,Finland/13M82/2020,Finland/13M33/2020,Finland/FIN-455/2020,Finland/13M27/2020,Finland/13M26/2020,Finland/14M32/2020
Roychoudhury et al	2	unknown	unknown	unknown	USA/WA3-UW1/2020,USA/CT-UW250/2020
Schmutz et al	4	unknown	unknown	unknown	Switzerland/1000477102/2020,Switzerland/1000477797/2020,Switzerland/1000477806/2020,Switzerland/1000477796/2020
Jaqueline Goes de Jesus et al	2	unknown	unknown	unknown	Brazil/SPBR-02/2020,Brazil/SPBR-01/2020
Carr et al	11	unknown	unknown	unknown	Ireland/24042/2020,Ireland/22901/2020,Ireland/Dublin-22361/2020,Ireland/21023/2020,Ireland/Dublin-19072/2020,Ireland/21145/2020,Ireland/Dublin-22428/2020,Ireland/24052/2020,Ireland/Limerick-19934/2020,Ireland/Limerick-19935/2020,Ireland/Limerick-19933/2020
Bas Oude Munnink et al	38	unknown	unknown	unknown	Netherlands/NA_297/2020,Netherlands/NA_318/2020,Netherlands/NA_295/2020,Netherlands/NA_294/2020,Netherlands/NA_298/2020,Netherlands/NA_166/2020,Netherlands/NA_313/2020,Netherlands/NA_138/2020,Netherlands/NA_310/2020,Netherlands/ZuidHolland_60/2020,Netherlands/NA_314/2020,Netherlands/NA_153/2020,Netherlands/NA_308/2020,Netherlands/NA_296/2020,Netherlands/NA_307/2020,Netherlands/NA_302/2020,Netherlands/NA_317/2020,Netherlands/ZuidHolland_100/2020,Netherlands/NA_303/2020,Netherlands/ZuidHolland_55/2020,Netherlands/NA_224/2020,Netherlands/NA_305/2020,Netherlands/NA_315/2020,Netherlands/NA_301/2020,Netherlands/NA_235/2020,Netherlands/NA_212/2020,Netherlands/NA_291/2020,Netherlands/NA_244/2020,Netherlands/NA_96/2020,Netherlands/Friesland_10/2020,Netherlands/NA_254/2020,Netherlands/NA_311/2020,Netherlands/ZuidHolland_104/2020,Netherlands/NA_99/2020,Netherlands/NA_110/2020,Netherlands/NA_264/2020,Netherlands/Friesland_3/2020,Netherlands/NA_300/2020
Resende et al	2	unknown	unknown	unknown	Brazil/ES-225/2020,Brazil/RJ-314/2020
Meredith et al	5	unknown	unknown	unknown	England/CAMB-73A19/2020,England/CAMB-73A0A/2020,England/CAMB-76F9F/2020,England/CAMB-73A28/2020,England/CAMB-7381F/2020
Moore et al	14	unknown	unknown	unknown	Wales/PHWC-2516C/2020,Wales/PHW07/2020,Wales/PHW25/2020,Wales/PHWC-23B06/2020,Wales/PHWC-25506/2020,Wales/PHWC-23DE2/2020,Wales/PHWC-254FA/2020,Wales/PHWC-26B4F/2020,Wales/PHWC-23B60/2020,Wales/PHW1/2020,Wales/PHW17/2020,Wales/PHWC-23D4C/2020,Wales/PHWC-23BD9/2020,Wales/PHWC-23BE8/2020
Costa et al	1	unknown	unknown	unknown	Portugal/IGC00009/2020
Silamikelis et al	9	unknown	unknown	unknown	Latvia/0002/2020,Latvia/0004/2020,Latvia/0003/2020,Latvia/0007/2020,Latvia/0006/2020,Latvia/0001/2020,Latvia/0008/2020,Latvia/0009/2020,Latvia/0005/2020
Pilailuk et al	2	unknown	unknown	unknown	Nonthaburi/61/2020,Nonthaburi/74/2020
Cao et al	1	unknown	unknown	unknown	Vietnam/19-01S/2020
Nguyen et al	1	unknown	unknown	unknown	Vietnam/19-02S/2020
Deng et al	3	unknown	unknown	unknown	USA/CA-CDPH-UC3/2020,USA/CA-CDPH-UC4/2020,USA/CA-SCCPHD-UC14/2020
Adams et al	28	unknown	unknown	unknown	Germany/NRW-10/2020,Germany/NRW-09/2020,Germany/NRW-04/2020,Germany/NRW-07/2020,Germany/NRW-01/2020,Germany/NRW-08/2020,Germany/NRW-06/2020,Germany/NRW-03/2020,Germany/NRW-05/2020,Germany/NRW-02-1/2020,Germany/NRW-14/2020,Germany/NRW-17/2020,Germany/NRW-16/2020,Germany/NRW-31/2020,Germany/NRW-48/2020,Germany/NRW-19/2020,Germany/NRW-41/2020,Germany/NRW-51/2020,Germany/NRW-54/2020,Germany/NRW-32/2020,Germany/NRW-47/2020,Germany/NRW-37/2020,Germany/NRW-12/2020,Germany/NRW-22/2020,Germany/NRW-23/2020,Germany/NRW-26/2020,Germany/NRW-40/2020,Germany/NRW-20/2020
Milewska et al	1	unknown	unknown	unknown	Poland/PL_P1/2020
McHugh et al	1	unknown	unknown	unknown	Scotland/EDB097/2020
Claudio Tavares Sacchi et al	10	unknown	unknown	unknown	Brazil/SPBR-11/2020,Brazil/SPBR-14/2020,Brazil/SPBR-08/2020,Brazil/SPBR-13/2020,Brazil/SPBR-03/2020,Brazil/SPBR-07/2020,Brazil/SPBR-04/2020,Brazil/SPBR-06/2020,Brazil/SPBR-05/2020,Brazil/SPBR-09/2020
Muenchhoff et al	2	unknown	unknown	unknown	Germany/BAV-V2011463/2020,Germany/BAV-V2012856/2020
Durkin et al	24	unknown	unknown	unknown	Belgium/ULG-10052/2020,Belgium/ULG-10089/2020,Belgium/ULG-10088/2020,Belgium/ULG-10095/2020,Belgium/ULG-6743/2020,Belgium/ULG-7626/2020,Belgium/ULG-10061/2020,Belgium/ULG-10057/2020,Belgium/ULG-10082/2020,Belgium/ULG-10072/2020,Belgium/ULG-10093/2020,Belgium/ULG-10063/2020,Belgium/ULG-10062/2020,Belgium/ULG-9715/2020,Belgium/ULG-7729/2020,Belgium/ULG-10055/2020,Belgium/ULG-10049/2020,Belgium/ULG-10086/2020,Belgium/ULG-10074/2020,Belgium/ULG-10069/2020,Belgium/ULG-10085/2020,Belgium/ULG-10054/2020,Belgium/ULG-10065/2020,Belgium/ULG-10079/2020
Karlsson et al	1	unknown	unknown	unknown	Cambodia/0012/2020
Sheng et al	1	unknown	unknown	unknown	Chongqing/ZX01/2020
Zhao et al	1	unknown	unknown	unknown	Jiangsu/JS03/2020
Dempsey et al	1	unknown	unknown	unknown	Ireland/Cork2/2020
Yao et al	2	unknown	unknown	unknown	Hangzhou/ZJU-05/2020,Hangzhou/ZJU-04/2020
Marquez et al	1	unknown	unknown	unknown	Ecuador/HEE-01/2020
Nieuwenhuijse et al	11	unknown	unknown	unknown	Netherlands/Tilburg_1363354/2020,Netherlands/Loon_op_zand_1363512/2020,Netherlands/Oss_1363500/2020,Netherlands/Delft_1363424/2020,Netherlands/Diemen_1363454/2020,Netherlands/Helmond_1363548/2020,Netherlands/Berlicum_1363564/2020,NetherlandsL/Houten_1363498/2020,Netherlands/Utrecht_3/2020,Luxembourg/Lux1/2020,Netherlands/NoordBrabant_4/2020
Slavikova et al	4	unknown	unknown	unknown	Slovakia/SK-BMC6/2020,Slovakia/SK-BMC1/2020,Slovakia/SK-BMC2/2020,Slovakia/SK-BMC5/2020
Bal et al	9	unknown	unknown	unknown	France/RA739/2020,France/ARA12485/2020,France/Lyon_06487/2020,France/ARA12996/2020,France/Lyon_06056/2020,France/Lyon_487/2020,France/ARA09588/2020,France/ARA12249/2020,France/ARA12388/2020
FOI Bioinformatics team et al	1	unknown	unknown	unknown	Sweden/RV-FOI-1/2020
Zainab et al	1	unknown	unknown	unknown	Pakistan/Manga-KPK/2020
Corman et al	2	unknown	unknown	unknown	Germany/BavPat1/2020,Germany/Baden-Wuerttemberg-1/2020
Zehender et al	2	unknown	unknown	unknown	Italy/UniMI01/2020,Italy/UniMI03/2020
Rasmussen et al	9	unknown	unknown	unknown	Denmark/SSI-102/2020,Denmark/SSI-01/2020,Denmark/SSI-05/2020,Denmark/SSI-04/2020,Denmark/SSI-02/2020,Denmark/SSI-101/2020,Denmark/SSI-03/2020,Denmark/SSI-09/2020,Denmark/SSI-104/2020
Laubscher et al	11	unknown	unknown	unknown	Switzerland/VD0503/2020,Switzerland/TI2045/2020,Switzerland/GR2988/2020,Switzerland/GR3043/2020,Switzerland/GE1402/2020,Switzerland/AG7120/2020,Switzerland/BE6651/2020,Switzerland/BS0914/2020,Switzerland/GE0199/2020,Switzerland/GE06207/2020,Switzerland/GE6679/2020
Belen Prado-Vivar et al	1	unknown	unknown	unknown	Ecuador/HGSQ-USFQ-018/2020
Oluniyi et al	1	unknown	unknown	unknown	Nigeria/Lagos01/2020
Carlos Padilla Rojas et al	1	unknown	unknown	unknown	Peru/010/2020
Munoz-Medina et al	1	unknown	unknown	unknown	Mexico/Chihuahua-IMSS_01/2020
Pragya Yadav. Savita Patil et al	7	unknown	unknown	unknown	India/c32/2020,India/772/2020,India/781/2020,India/773/2020,India/777/2020,India/763/2020,India/770/2020
Shchetinin et al	1	unknown	unknown	unknown	Russia/Moscow_PMVL-1/2020
Urban et al	3	unknown	unknown	unknown	Hungary/49/2020,Hungary/mbl1/2020,Hungary/2/2020
Hirsch et al	17	unknown	unknown	unknown	Switzerland/42175213/2020,Switzerland/42175220/2020,Switzerland/42169471/2020,Switzerland/42170345/2020,Switzerland/42169310/2020,Switzerland/42174724/2020,Switzerland/42176753/2020,Switzerland/42176771/2020,Switzerland/42176560/2020,Switzerland/42176229/2020,Switzerland/42175075/2020,Switzerland/42178712/2020,Switzerland/42177430/2020,Switzerland/42177472/2020,Switzerland/42177236/2020,Switzerland/42176216/2020,Switzerland/42177434/2020
LAUBSCHER Florian et al. et al	6	unknown	unknown	unknown	Switzerland/GE3895/2020,Switzerland/BL0902/2020,Switzerland/GE9586/2020,Switzerland/TI9486/2020,Switzerland/GE5373/2020,Switzerland/GE3121/2020
Vereecke et al	1	unknown	unknown	unknown	Belgium/UGent-12/2020
Cesare M. Gruber et al	1	unknown	unknown	unknown	Italy/INMI4/2020
Ernesto et al	1	unknown	unknown	unknown	Mexico/CDMX-InDRE_01/2020
Baumeister et al	3	unknown	unknown	unknown	Argentina/C121/2020,Argentina/C3013/2020,Argentina/C1374/2020
Chanturia et al	2	unknown	unknown	unknown	Georgia/Tb-1679/2020,Georgia/Tb-712/2020
Milani et al	2	unknown	unknown	unknown	Italy/VR_20COV21-26/2020,Italy/VR_20COV21-37/2020
Seemann et al	3	unknown	unknown	unknown	Australia/VIC310/2020,Australia/VIC309/2020,Australia/VIC109/2020
Lorusso et al	10	unknown	unknown	unknown	Italy/6193/2020,Italy/TE6222/2020,Italy/TE6195/2020,Italy/TE5056/2020,Italy/TE5780/2020,Italy/TE5476/2020,Italy/TE4953/2020,Italy/TE4880/2020,Italy/TE5166/2020,Italy/TE4836/2020
Joan Marti-Carreras et al	13	unknown	unknown	unknown	Belgium/ML-0324164/2020,Belgium/DCB-0324163/2020,Belgium/CK-0324150/2020,Belgium/EC-0325128/2020,Belgium/OS-0325137/2020,Belgium/NA-0323141/2020,Belgium/DCS-0325158/2020,Belgium/GM-0323139/2020,Belgium/STM-0324170/2020,Belgium/BEG-0324149/2020,Belgium/QL-0324173/2020,Belgium/NKMA-0324172/2020,Belgium/DVBJ-030468/2020
R.A Diotti et al	1	unknown	unknown	unknown	Italy/UniSR1/2020
Antonino Di Caro et al	1	unknown	unknown	unknown	Italy/INMI7/2020
Anke Wienecke-Baldacchino et al	21	unknown	unknown	unknown	Luxembourg/LNS2128808/2020,Luxembourg/LNS3156434/2020,Luxembourg/LNS4836560/2020,Luxembourg/LNS2458673/2020,Luxembourg/LNS0000001/2020,Luxembourg/LNS0272441/2020,Luxembourg/LNS1918658/2020,Luxembourg/LNS0716877/2020,Luxembourg/LNS2334563/2020,Luxembourg/LNS3404815/2020,Luxembourg/LNS0074148/2020,Luxembourg/LNS2614631/2020,Luxembourg/LNS7991123/2020,Luxembourg/LNS0819394/2020,Luxembourg/LNS4569788/2020,Luxembourg/LNS1909273/2020,Luxembourg/LNS8489624/2020,Luxembourg/LNS5032431/2020,Luxembourg/LNS9080444/2020,Luxembourg/LNS6500589/2020,Luxembourg/LNS0877496/2020
Sikazwe et al	1	unknown	unknown	unknown	Australia/WA11/202
Allam et al	1	unknown	unknown	unknown	SouthAfrica/R03006-20/2020
Nagy et al	2	unknown	unknown	unknown	CzechRepublic/951/2020,CzechRepublic/2741/2020
Imai et al	2	unknown	unknown	unknown	Japan/SMU-0311S3/2020,Japan/SMU-0311S2/2020
Kotorashvili et al	1	unknown	unknown	unknown	Georgia/Tb/2020
Licastro et al	4	unknown	unknown	unknown	Italy/FVG-ICGEB_S8/2020,Italy/FVG-ICGEB_S1/2020,Italy/FVG-ICGEB_S9/2020,Italy/FVG-ICGEB_S5/2020
Rueca et al	1	unknown	unknown	unknown	Italy/INMI3/2020
Zakotnik et al	2	unknown	unknown	unknown	Slovenia/4584/2020,Slovenia/12304/2020
Bartolini et al	1	unknown	unknown	unknown	Italy/INMI6/2020
Komissarov et al	3	unknown	unknown	unknown	Russia/StPetersburg-RII3992/2020,Russia/StPetersburg-3524/2020,Russia/StPetersburg-RII3997/2020
Laubscher  et al	2	unknown	unknown	unknown	Switzerland/GE4135/2020,Switzerland/BE2536/2020
Fabiola Garces Ayala et al	1	unknown	unknown	unknown	Mexico/Puebla-InDRE_05/2020
Franco et al	1	unknown	unknown	unknown	Panama/328677/2020
Albarrag et al	2	unknown	unknown	unknown	SaudiArabia/SCDC-3324/2020,SaudiArabia/SCDC-3321/2020
Maria Aguero-Rosenfeld et al	21	unknown	unknown	unknown	USA/NY-NYUMC159/2020,USA/NY-NYUMC144/2020,USA/NY-NYUMC146/2020,USA/NY-NYUMC157/2020,USA/NY-NYUMC129/2020,USA/NY-NYUMC151/2020,USA/NY-NYUMC128/2020,USA/NY-NYUMC104/2020,USA/NY-NYUMC139/2020,USA/NY-NYUMC105/2020,USA/NY-NYUMC30/2020,USA/NY-NYUMC113/2020,USA/NY-NYUMC115/2020,USA/NY-NYUMC142/2020,USA/NY-NYUMC155/2020,USA/NY-NYUMC158/2020,USA/NY-NYUMC134/2020,USA/NY-NYUMC143/2020,USA/NY-NYUMC131/2020,USA/NY-NYUMC125/2020,USA/NY-NYUMC152/2020
Division of Consolidated Laboratory Services et al	1	unknown	unknown	unknown	USA/VA-DCLS-0020/2020
Li jian Xiong et al	1	unknown	unknown	unknown	NanChang/JX216/2020
Black et al	1	unknown	unknown	unknown	USA/NY-NYUMC14/2020
Kirsten St. George et al	3	unknown	unknown	unknown	USA/NY-Wadsworth-12883-02/2020,USA/NY-Wadsworth-29275-01/2020,USA/NY-Wadsworth-30246-01/2020
Tu et al	1	unknown	unknown	unknown	USA/OSUP0112/2020
Craig Richmond & Paraic Kenny et al	1	unknown	unknown	unknown	USA/WI-GMF-00557/2020
Ana Gonzalez-Reiche et al	1	unknown	unknown	unknown	USA/NY-PV09118/2020